candidate_id,start_name,end_name,end_output_names,needs_route_input,cpu_prefix_convs,vta_convs,cpu_tail_convs,boundary_conv_outputs,stage_devices,resource_cycle_ms,vta_dma_ms,boundary_ms,dma_fragmentation_ms,sram_risk_ms,tail_cpu_ms,stage_count,effective_segment_count,small_island_count,pattern_cpu_vta_cpu,pattern_cpu_vta_cpu_vta_cpu,stage0_ms_est,stage1_vta_ms_est,stage2_ms_est,boundary_bytes_est,predicted_cycle_ms,predicted_fps,status,failure_type,error_summary,package_dir,mode,throughput_fps,mean_total_latency_ms,raw_outputs,result_jsonl,log,passes_correctness_gate,correctness,run_kind
yolo_pool0_to_shared13,pool0,shared13,"['route23', 'shared38']",False,[0],"[1, 2, 3, 4, 5, 6, 7]","[8, 9, 10, 11, 12]","[4, 7]",cpu/vta/cpu,263.38598787878794,0.3933090909090909,0.5768533333333333,0.04,0.0,263.38598787878794,3.0,3.0,0.0,1.0,0.0,22.65460363636364,115.30249309090908,263.38598787878794,865280,393.42234847618374,2.541797647930354,ok,,,vta/tutorials/frontend/report_out/yolov3_tiny_heuristic_search/20260512_resnetfit20/packages/yolo_pool0_to_shared13,serial,2.0374283040516743,490.8148169,"[{'index': 0, 'shape': [1, 255, 26, 26], 'dtype': 'float32', 'size': 172380, 'nbytes': 689520, 'fnv1a64': '8c67f25fa41ed510', 'min': -1.472438693, 'max': 1.471180201, 'mean': 0.02137325, 'sum': 3684.320751964}, {'index': 1, 'shape': [3], 'dtype': 'int32', 'size': 3, 'nbytes': 12, 'fnv1a64': '6437c9a572635250', 'min': 0.0, 'max': 2.0, 'mean': 1.0, 'sum': 3.0}, {'index': 2, 'shape': [12], 'dtype': 'float32', 'size': 12, 'nbytes': 48, 'fnv1a64': '1634dd673862fe48', 'min': 10.0, 'max': 344.0, 'mean': 108.25, 'sum': 1299.0}, {'index': 3, 'shape': [6], 'dtype': 'int32', 'size': 6, 'nbytes': 24, 'fnv1a64': 'b619ac38b449dc99', 'min': 3.0, 'max': 255.0, 'mean': 66.0, 'sum': 396.0}, {'index': 4, 'shape': [1, 255, 13, 13], 'dtype': 'float32', 'size': 43095, 'nbytes': 172380, 'fnv1a64': '771d5e185103ac6e', 'min': -1.488161683, 'max': 1.166891098, 'mean': 0.018689982, 'sum': 805.44476729}, {'index': 5, 'shape': [3], 'dtype': 'int32', 'size': 3, 'nbytes': 12, 'fnv1a64': '7f5875e9426f5e51', 'min': 3.0, 'max': 5.0, 'mean': 4.0, 'sum': 12.0}, {'index': 6, 'shape': [12], 'dtype': 'float32', 'size': 12, 'nbytes': 48, 'fnv1a64': '1634dd673862fe48', 'min': 10.0, 'max': 344.0, 'mean': 108.25, 'sum': 1299.0}, {'index': 7, 'shape': [6], 'dtype': 'int32', 'size': 6, 'nbytes': 24, 'fnv1a64': '85777e194f56eaa9', 'min': 3.0, 'max': 255.0, 'mean': 61.666666667, 'sum': 370.0}]",vta/tutorials/frontend/report_out/yolov3_tiny_heuristic_search/20260512_resnetfit20/yolo_pool0_to_shared13/native_serial_result.jsonl,vta/tutorials/frontend/report_out/yolov3_tiny_heuristic_search/20260512_resnetfit20/yolo_pool0_to_shared13/serial.log,False,"{'passes_raw_output_gate': False, 'output_count_match': True, 'max_mean_abs_delta': 0.5197404105587006, 'max_sum_abs_delta': 89592.852001964, 'rows': [{'index': 0, 'same_shape': True, 'same_dtype': True, 'same_hash': False, 'mean_abs_delta': 0.5197404105587006, 'sum_abs_delta': 89592.852001964, 'sum_rel_delta': 1.0428865526898878, 'passes': False}, {'index': 1, 'same_shape': True, 'same_dtype': True, 'same_hash': False, 'mean_abs_delta': 0.0, 'sum_abs_delta': 0.0, 'sum_rel_delta': 0.0, 'passes': True}, {'index': 2, 'same_shape': True, 'same_dtype': True, 'same_hash': False, 'mean_abs_delta': 0.0, 'sum_abs_delta': 0.0, 'sum_rel_delta': 0.0, 'passes': True}, {'index': 3, 'same_shape': True, 'same_dtype': True, 'same_hash': False, 'mean_abs_delta': 0.0, 'sum_abs_delta': 0.0, 'sum_rel_delta': 0.0, 'passes': True}, {'index': 4, 'same_shape': True, 'same_dtype': True, 'same_hash': False, 'mean_abs_delta': 0.0006050547927551261, 'sum_abs_delta': 26.07482499515629, 'sum_rel_delta': 0.031358040432334575, 'passes': False}, {'index': 5, 'same_shape': True, 'same_dtype': True, 'same_hash': False, 'mean_abs_delta': 0.0, 'sum_abs_delta': 0.0, 'sum_rel_delta': 0.0, 'passes': True}, {'index': 6, 'same_shape': True, 'same_dtype': True, 'same_hash': False, 'mean_abs_delta': 0.0, 'sum_abs_delta': 0.0, 'sum_rel_delta': 0.0, 'passes': True}, {'index': 7, 'same_shape': True, 'same_dtype': True, 'same_hash': False, 'mean_abs_delta': 3.333369136271358e-10, 'sum_abs_delta': 0.0, 'sum_rel_delta': 0.0, 'passes': True}]}",serial_smoke
yolo_pool1_to_shared13,pool1,shared13,"['route23', 'shared38']",False,"[0, 1]","[2, 3, 4, 5, 6, 7]","[8, 9, 10, 11, 12]","[4, 7]",cpu/vta/cpu,263.38598787878794,0.3933090909090909,0.5768533333333333,0.04,0.0,263.38598787878794,3.0,3.0,0.0,1.0,0.0,83.06688,102.84246109090908,263.38598787878794,865280,393.42234847618374,2.541797647930354,ok,,,vta/tutorials/frontend/report_out/yolov3_tiny_heuristic_search/20260512_resnetfit20/packages/yolo_pool1_to_shared13,serial,1.984466102215567,503.9138733,"[{'index': 0, 'shape': [1, 255, 26, 26], 'dtype': 'float32', 'size': 172380, 'nbytes': 689520, 'fnv1a64': 'db44da5d0c11813f', 'min': -1.670428514, 'max': 1.535143495, 'mean': 0.021689219, 'sum': 3738.787578616}, {'index': 1, 'shape': [3], 'dtype': 'int32', 'size': 3, 'nbytes': 12, 'fnv1a64': '6437c9a572635250', 'min': 0.0, 'max': 2.0, 'mean': 1.0, 'sum': 3.0}, {'index': 2, 'shape': [12], 'dtype': 'float32', 'size': 12, 'nbytes': 48, 'fnv1a64': '1634dd673862fe48', 'min': 10.0, 'max': 344.0, 'mean': 108.25, 'sum': 1299.0}, {'index': 3, 'shape': [6], 'dtype': 'int32', 'size': 6, 'nbytes': 24, 'fnv1a64': 'b619ac38b449dc99', 'min': 3.0, 'max': 255.0, 'mean': 66.0, 'sum': 396.0}, {'index': 4, 'shape': [1, 255, 13, 13], 'dtype': 'float32', 'size': 43095, 'nbytes': 172380, 'fnv1a64': '32ff06adfe0e5aef', 'min': -1.505933285, 'max': 1.158168197, 'mean': 0.019365401, 'sum': 834.551955364}, {'index': 5, 'shape': [3], 'dtype': 'int32', 'size': 3, 'nbytes': 12, 'fnv1a64': '7f5875e9426f5e51', 'min': 3.0, 'max': 5.0, 'mean': 4.0, 'sum': 12.0}, {'index': 6, 'shape': [12], 'dtype': 'float32', 'size': 12, 'nbytes': 48, 'fnv1a64': '1634dd673862fe48', 'min': 10.0, 'max': 344.0, 'mean': 108.25, 'sum': 1299.0}, {'index': 7, 'shape': [6], 'dtype': 'int32', 'size': 6, 'nbytes': 24, 'fnv1a64': '85777e194f56eaa9', 'min': 3.0, 'max': 255.0, 'mean': 61.666666667, 'sum': 370.0}]",vta/tutorials/frontend/report_out/yolov3_tiny_heuristic_search/20260512_resnetfit20/yolo_pool1_to_shared13/native_serial_result.jsonl,vta/tutorials/frontend/report_out/yolov3_tiny_heuristic_search/20260512_resnetfit20/yolo_pool1_to_shared13/serial.log,False,"{'passes_raw_output_gate': False, 'output_count_match': True, 'max_mean_abs_delta': 0.5200563795587005, 'max_sum_abs_delta': 89647.318828616, 'rows': [{'index': 0, 'same_shape': True, 'same_dtype': True, 'same_hash': False, 'mean_abs_delta': 0.5200563795587005, 'sum_abs_delta': 89647.318828616, 'sum_rel_delta': 1.0435205622097747, 'passes': False}, {'index': 1, 'same_shape': True, 'same_dtype': True, 'same_hash': False, 'mean_abs_delta': 0.0, 'sum_abs_delta': 0.0, 'sum_rel_delta': 0.0, 'passes': True}, {'index': 2, 'same_shape': True, 'same_dtype': True, 'same_hash': False, 'mean_abs_delta': 0.0, 'sum_abs_delta': 0.0, 'sum_rel_delta': 0.0, 'passes': True}, {'index': 3, 'same_shape': True, 'same_dtype': True, 'same_hash': False, 'mean_abs_delta': 0.0, 'sum_abs_delta': 0.0, 'sum_rel_delta': 0.0, 'passes': True}, {'index': 4, 'same_shape': True, 'same_dtype': True, 'same_hash': False, 'mean_abs_delta': 7.036420724487388e-05, 'sum_abs_delta': 3.0323630788437868, 'sum_rel_delta': 0.0036467728565605304, 'passes': False}, {'index': 5, 'same_shape': True, 'same_dtype': True, 'same_hash': False, 'mean_abs_delta': 0.0, 'sum_abs_delta': 0.0, 'sum_rel_delta': 0.0, 'passes': True}, {'index': 6, 'same_shape': True, 'same_dtype': True, 'same_hash': False, 'mean_abs_delta': 0.0, 'sum_abs_delta': 0.0, 'sum_rel_delta': 0.0, 'passes': True}, {'index': 7, 'same_shape': True, 'same_dtype': True, 'same_hash': False, 'mean_abs_delta': 3.333369136271358e-10, 'sum_abs_delta': 0.0, 'sum_rel_delta': 0.0, 'passes': True}]}",serial_smoke
yolo_pool2_to_shared13,pool2,shared13,"['route23', 'shared38']",False,"[0, 1, 2]","[3, 4, 5, 6, 7]","[8, 9, 10, 11, 12]","[4, 7]",cpu/vta/cpu,263.38598787878794,0.3933090909090909,0.5768533333333333,0.04,0.0,263.38598787878794,3.0,3.0,0.0,1.0,0.0,143.47915636363638,90.38242909090908,263.38598787878794,865280,393.42234847618374,2.541797647930354,ok,,,vta/tutorials/frontend/report_out/yolov3_tiny_heuristic_search/20260512_resnetfit20/packages/yolo_pool2_to_shared13,serial,1.9198384378853808,520.87716355,"[{'index': 0, 'shape': [1, 255, 26, 26], 'dtype': 'float32', 'size': 172380, 'nbytes': 689520, 'fnv1a64': '12127b0380767e5e', 'min': -1.694561005, 'max': 1.504242778, 'mean': 0.021662865, 'sum': 3734.244689202}, {'index': 1, 'shape': [3], 'dtype': 'int32', 'size': 3, 'nbytes': 12, 'fnv1a64': '6437c9a572635250', 'min': 0.0, 'max': 2.0, 'mean': 1.0, 'sum': 3.0}, {'index': 2, 'shape': [12], 'dtype': 'float32', 'size': 12, 'nbytes': 48, 'fnv1a64': '1634dd673862fe48', 'min': 10.0, 'max': 344.0, 'mean': 108.25, 'sum': 1299.0}, {'index': 3, 'shape': [6], 'dtype': 'int32', 'size': 6, 'nbytes': 24, 'fnv1a64': 'b619ac38b449dc99', 'min': 3.0, 'max': 255.0, 'mean': 66.0, 'sum': 396.0}, {'index': 4, 'shape': [1, 255, 13, 13], 'dtype': 'float32', 'size': 43095, 'nbytes': 172380, 'fnv1a64': 'dfcf639e5025ba84', 'min': -1.563146114, 'max': 1.192977309, 'mean': 0.019410879, 'sum': 836.511836271}, {'index': 5, 'shape': [3], 'dtype': 'int32', 'size': 3, 'nbytes': 12, 'fnv1a64': '7f5875e9426f5e51', 'min': 3.0, 'max': 5.0, 'mean': 4.0, 'sum': 12.0}, {'index': 6, 'shape': [12], 'dtype': 'float32', 'size': 12, 'nbytes': 48, 'fnv1a64': '1634dd673862fe48', 'min': 10.0, 'max': 344.0, 'mean': 108.25, 'sum': 1299.0}, {'index': 7, 'shape': [6], 'dtype': 'int32', 'size': 6, 'nbytes': 24, 'fnv1a64': '85777e194f56eaa9', 'min': 3.0, 'max': 255.0, 'mean': 61.666666667, 'sum': 370.0}]",vta/tutorials/frontend/report_out/yolov3_tiny_heuristic_search/20260512_resnetfit20/yolo_pool2_to_shared13/native_serial_result.jsonl,vta/tutorials/frontend/report_out/yolov3_tiny_heuristic_search/20260512_resnetfit20/yolo_pool2_to_shared13/serial.log,False,"{'passes_raw_output_gate': False, 'output_count_match': True, 'max_mean_abs_delta': 0.5200300255587006, 'max_sum_abs_delta': 89642.775939202, 'rows': [{'index': 0, 'same_shape': True, 'same_dtype': True, 'same_hash': False, 'mean_abs_delta': 0.5200300255587006, 'sum_abs_delta': 89642.775939202, 'sum_rel_delta': 1.0434676816710446, 'passes': False}, {'index': 1, 'same_shape': True, 'same_dtype': True, 'same_hash': False, 'mean_abs_delta': 0.0, 'sum_abs_delta': 0.0, 'sum_rel_delta': 0.0, 'passes': True}, {'index': 2, 'same_shape': True, 'same_dtype': True, 'same_hash': False, 'mean_abs_delta': 0.0, 'sum_abs_delta': 0.0, 'sum_rel_delta': 0.0, 'passes': True}, {'index': 3, 'same_shape': True, 'same_dtype': True, 'same_hash': False, 'mean_abs_delta': 0.0, 'sum_abs_delta': 0.0, 'sum_rel_delta': 0.0, 'passes': True}, {'index': 4, 'same_shape': True, 'same_dtype': True, 'same_hash': False, 'mean_abs_delta': 0.00011584220724487199, 'sum_abs_delta': 4.992243985843743, 'sum_rel_delta': 0.006003759901945562, 'passes': False}, {'index': 5, 'same_shape': True, 'same_dtype': True, 'same_hash': False, 'mean_abs_delta': 0.0, 'sum_abs_delta': 0.0, 'sum_rel_delta': 0.0, 'passes': True}, {'index': 6, 'same_shape': True, 'same_dtype': True, 'same_hash': False, 'mean_abs_delta': 0.0, 'sum_abs_delta': 0.0, 'sum_rel_delta': 0.0, 'passes': True}, {'index': 7, 'same_shape': True, 'same_dtype': True, 'same_hash': False, 'mean_abs_delta': 3.333369136271358e-10, 'sum_abs_delta': 0.0, 'sum_rel_delta': 0.0, 'passes': True}]}",serial_smoke
yolo_pool3_to_shared13,pool3,shared13,"['route23', 'shared38']",False,"[0, 1, 2, 3]","[4, 5, 6, 7]","[8, 9, 10, 11, 12]","[4, 7]",cpu/vta/cpu,263.38598787878794,0.3933090909090909,0.5768533333333333,0.04,0.0,263.38598787878794,3.0,3.0,0.0,1.0,0.0,203.89143272727273,77.92239709090909,263.38598787878794,865280,393.42234847618374,2.541797647930354,ok,,,vta/tutorials/frontend/report_out/yolov3_tiny_heuristic_search/20260512_resnetfit20/packages/yolo_pool3_to_shared13,serial,1.8424323696189833,542.7607637,"[{'index': 0, 'shape': [1, 255, 26, 26], 'dtype': 'float32', 'size': 172380, 'nbytes': 689520, 'fnv1a64': '8a9dd0baae691f8e', 'min': -1.58424294, 'max': 1.513483286, 'mean': 0.021590585, 'sum': 3721.785045809}, {'index': 1, 'shape': [3], 'dtype': 'int32', 'size': 3, 'nbytes': 12, 'fnv1a64': '6437c9a572635250', 'min': 0.0, 'max': 2.0, 'mean': 1.0, 'sum': 3.0}, {'index': 2, 'shape': [12], 'dtype': 'float32', 'size': 12, 'nbytes': 48, 'fnv1a64': '1634dd673862fe48', 'min': 10.0, 'max': 344.0, 'mean': 108.25, 'sum': 1299.0}, {'index': 3, 'shape': [6], 'dtype': 'int32', 'size': 6, 'nbytes': 24, 'fnv1a64': 'b619ac38b449dc99', 'min': 3.0, 'max': 255.0, 'mean': 66.0, 'sum': 396.0}, {'index': 4, 'shape': [1, 255, 13, 13], 'dtype': 'float32', 'size': 43095, 'nbytes': 172380, 'fnv1a64': 'f9cc90e4391fb5e4', 'min': -1.489357829, 'max': 1.141750574, 'mean': 0.019410096, 'sum': 836.478077257}, {'index': 5, 'shape': [3], 'dtype': 'int32', 'size': 3, 'nbytes': 12, 'fnv1a64': '7f5875e9426f5e51', 'min': 3.0, 'max': 5.0, 'mean': 4.0, 'sum': 12.0}, {'index': 6, 'shape': [12], 'dtype': 'float32', 'size': 12, 'nbytes': 48, 'fnv1a64': '1634dd673862fe48', 'min': 10.0, 'max': 344.0, 'mean': 108.25, 'sum': 1299.0}, {'index': 7, 'shape': [6], 'dtype': 'int32', 'size': 6, 'nbytes': 24, 'fnv1a64': '85777e194f56eaa9', 'min': 3.0, 'max': 255.0, 'mean': 61.666666667, 'sum': 370.0}]",vta/tutorials/frontend/report_out/yolov3_tiny_heuristic_search/20260512_resnetfit20/yolo_pool3_to_shared13/native_serial_result.jsonl,vta/tutorials/frontend/report_out/yolov3_tiny_heuristic_search/20260512_resnetfit20/yolo_pool3_to_shared13/serial.log,False,"{'passes_raw_output_gate': False, 'output_count_match': True, 'max_mean_abs_delta': 0.5199577455587006, 'max_sum_abs_delta': 89630.316295809, 'rows': [{'index': 0, 'same_shape': True, 'same_dtype': True, 'same_hash': False, 'mean_abs_delta': 0.5199577455587006, 'sum_abs_delta': 89630.316295809, 'sum_rel_delta': 1.0433226478401585, 'passes': False}, {'index': 1, 'same_shape': True, 'same_dtype': True, 'same_hash': False, 'mean_abs_delta': 0.0, 'sum_abs_delta': 0.0, 'sum_rel_delta': 0.0, 'passes': True}, {'index': 2, 'same_shape': True, 'same_dtype': True, 'same_hash': False, 'mean_abs_delta': 0.0, 'sum_abs_delta': 0.0, 'sum_rel_delta': 0.0, 'passes': True}, {'index': 3, 'same_shape': True, 'same_dtype': True, 'same_hash': False, 'mean_abs_delta': 0.0, 'sum_abs_delta': 0.0, 'sum_rel_delta': 0.0, 'passes': True}, {'index': 4, 'same_shape': True, 'same_dtype': True, 'same_hash': False, 'mean_abs_delta': 0.00011505920724487473, 'sum_abs_delta': 4.958484971843745, 'sum_rel_delta': 0.005963160721465373, 'passes': False}, {'index': 5, 'same_shape': True, 'same_dtype': True, 'same_hash': False, 'mean_abs_delta': 0.0, 'sum_abs_delta': 0.0, 'sum_rel_delta': 0.0, 'passes': True}, {'index': 6, 'same_shape': True, 'same_dtype': True, 'same_hash': False, 'mean_abs_delta': 0.0, 'sum_abs_delta': 0.0, 'sum_rel_delta': 0.0, 'passes': True}, {'index': 7, 'same_shape': True, 'same_dtype': True, 'same_hash': False, 'mean_abs_delta': 3.333369136271358e-10, 'sum_abs_delta': 0.0, 'sum_rel_delta': 0.0, 'passes': True}]}",serial_smoke
yolo_pool4_route_to_shared13,pool4_route,shared13,"['route23', 'shared38']",True,"[0, 1, 2, 3, 4]","[5, 6, 7]","[8, 9, 10, 11, 12]","[4, 7]",cpu/vta/cpu,264.30370909090914,0.3933090909090909,0.5768533333333333,0.04,0.0,263.38598787878794,3.0,3.0,0.0,1.0,0.0,264.30370909090914,65.46236509090909,263.38598787878794,865280,393.86485712119384,2.538941928734444,ok,,,vta/tutorials/frontend/report_out/yolov3_tiny_heuristic_search/20260512_resnetfit20/packages/yolo_pool4_route_to_shared13,serial,1.6665927617495297,600.02660695,"[{'index': 0, 'shape': [1, 255, 26, 26], 'dtype': 'float32', 'size': 172380, 'nbytes': 689520, 'fnv1a64': '705e96266c1a192f', 'min': -1.652408004, 'max': 1.505528927, 'mean': 0.021867444, 'sum': 3769.509955683}, {'index': 1, 'shape': [3], 'dtype': 'int32', 'size': 3, 'nbytes': 12, 'fnv1a64': '6437c9a572635250', 'min': 0.0, 'max': 2.0, 'mean': 1.0, 'sum': 3.0}, {'index': 2, 'shape': [12], 'dtype': 'float32', 'size': 12, 'nbytes': 48, 'fnv1a64': '1634dd673862fe48', 'min': 10.0, 'max': 344.0, 'mean': 108.25, 'sum': 1299.0}, {'index': 3, 'shape': [6], 'dtype': 'int32', 'size': 6, 'nbytes': 24, 'fnv1a64': 'b619ac38b449dc99', 'min': 3.0, 'max': 255.0, 'mean': 66.0, 'sum': 396.0}, {'index': 4, 'shape': [1, 255, 13, 13], 'dtype': 'float32', 'size': 43095, 'nbytes': 172380, 'fnv1a64': 'a9a838941cf5e388', 'min': -1.473045588, 'max': 1.185537338, 'mean': 0.019920843, 'sum': 858.488711433}, {'index': 5, 'shape': [3], 'dtype': 'int32', 'size': 3, 'nbytes': 12, 'fnv1a64': '7f5875e9426f5e51', 'min': 3.0, 'max': 5.0, 'mean': 4.0, 'sum': 12.0}, {'index': 6, 'shape': [12], 'dtype': 'float32', 'size': 12, 'nbytes': 48, 'fnv1a64': '1634dd673862fe48', 'min': 10.0, 'max': 344.0, 'mean': 108.25, 'sum': 1299.0}, {'index': 7, 'shape': [6], 'dtype': 'int32', 'size': 6, 'nbytes': 24, 'fnv1a64': '85777e194f56eaa9', 'min': 3.0, 'max': 255.0, 'mean': 61.666666667, 'sum': 370.0}]",vta/tutorials/frontend/report_out/yolov3_tiny_heuristic_search/20260512_resnetfit20/yolo_pool4_route_to_shared13/native_serial_result.jsonl,vta/tutorials/frontend/report_out/yolov3_tiny_heuristic_search/20260512_resnetfit20/yolo_pool4_route_to_shared13/serial.log,False,"{'passes_raw_output_gate': False, 'output_count_match': True, 'max_mean_abs_delta': 0.5202346045587005, 'max_sum_abs_delta': 89678.041205683, 'rows': [{'index': 0, 'same_shape': True, 'same_dtype': True, 'same_hash': False, 'mean_abs_delta': 0.5202346045587005, 'sum_abs_delta': 89678.041205683, 'sum_rel_delta': 1.0438781795106409, 'passes': False}, {'index': 1, 'same_shape': True, 'same_dtype': True, 'same_hash': False, 'mean_abs_delta': 0.0, 'sum_abs_delta': 0.0, 'sum_rel_delta': 0.0, 'passes': True}, {'index': 2, 'same_shape': True, 'same_dtype': True, 'same_hash': False, 'mean_abs_delta': 0.0, 'sum_abs_delta': 0.0, 'sum_rel_delta': 0.0, 'passes': True}, {'index': 3, 'same_shape': True, 'same_dtype': True, 'same_hash': False, 'mean_abs_delta': 0.0, 'sum_abs_delta': 0.0, 'sum_rel_delta': 0.0, 'passes': True}, {'index': 4, 'same_shape': True, 'same_dtype': True, 'same_hash': False, 'mean_abs_delta': 0.0006258062072448736, 'sum_abs_delta': 26.9691191478438, 'sum_rel_delta': 0.03243353421622707, 'passes': False}, {'index': 5, 'same_shape': True, 'same_dtype': True, 'same_hash': False, 'mean_abs_delta': 0.0, 'sum_abs_delta': 0.0, 'sum_rel_delta': 0.0, 'passes': True}, {'index': 6, 'same_shape': True, 'same_dtype': True, 'same_hash': False, 'mean_abs_delta': 0.0, 'sum_abs_delta': 0.0, 'sum_rel_delta': 0.0, 'passes': True}, {'index': 7, 'same_shape': True, 'same_dtype': True, 'same_hash': False, 'mean_abs_delta': 3.333369136271358e-10, 'sum_abs_delta': 0.0, 'sum_rel_delta': 0.0, 'passes': True}]}",serial_smoke
yolo_pool0_to_trunk12,pool0,trunk12,"['route23', 'trunk34']",False,[0],"[1, 2, 3, 4, 5, 6]","[7, 8, 9, 10, 11, 12]","[4, 6]",cpu/vta/cpu,276.8109381818182,0.6292945454545454,0.9229653333333333,0.04,0.0,276.8109381818182,3.0,3.0,0.0,1.0,0.0,22.65460363636364,112.76958254545454,276.8109381818182,1384448,399.8956177974734,2.5006525590546698,ok,,,vta/tutorials/frontend/report_out/yolov3_tiny_heuristic_search/20260512_resnetfit20/packages/yolo_pool0_to_trunk12,serial,2.100887667677109,475.98927605,"[{'index': 0, 'shape': [1, 255, 26, 26], 'dtype': 'float32', 'size': 172380, 'nbytes': 689520, 'fnv1a64': 'a65fd06fb3bcd007', 'min': -1.501176596, 'max': 1.467320442, 'mean': 0.021576688, 'sum': 3719.389472257}, {'index': 1, 'shape': [3], 'dtype': 'int32', 'size': 3, 'nbytes': 12, 'fnv1a64': '6437c9a572635250', 'min': 0.0, 'max': 2.0, 'mean': 1.0, 'sum': 3.0}, {'index': 2, 'shape': [12], 'dtype': 'float32', 'size': 12, 'nbytes': 48, 'fnv1a64': '1634dd673862fe48', 'min': 10.0, 'max': 344.0, 'mean': 108.25, 'sum': 1299.0}, {'index': 3, 'shape': [6], 'dtype': 'int32', 'size': 6, 'nbytes': 24, 'fnv1a64': 'b619ac38b449dc99', 'min': 3.0, 'max': 255.0, 'mean': 66.0, 'sum': 396.0}, {'index': 4, 'shape': [1, 255, 13, 13], 'dtype': 'float32', 'size': 43095, 'nbytes': 172380, 'fnv1a64': '15f17202a59e88e7', 'min': -1.512152791, 'max': 1.165719151, 'mean': 0.018836768, 'sum': 811.77051237}, {'index': 5, 'shape': [3], 'dtype': 'int32', 'size': 3, 'nbytes': 12, 'fnv1a64': '7f5875e9426f5e51', 'min': 3.0, 'max': 5.0, 'mean': 4.0, 'sum': 12.0}, {'index': 6, 'shape': [12], 'dtype': 'float32', 'size': 12, 'nbytes': 48, 'fnv1a64': '1634dd673862fe48', 'min': 10.0, 'max': 344.0, 'mean': 108.25, 'sum': 1299.0}, {'index': 7, 'shape': [6], 'dtype': 'int32', 'size': 6, 'nbytes': 24, 'fnv1a64': '85777e194f56eaa9', 'min': 3.0, 'max': 255.0, 'mean': 61.666666667, 'sum': 370.0}]",vta/tutorials/frontend/report_out/yolov3_tiny_heuristic_search/20260512_resnetfit20/yolo_pool0_to_trunk12/native_serial_result.jsonl,vta/tutorials/frontend/report_out/yolov3_tiny_heuristic_search/20260512_resnetfit20/yolo_pool0_to_trunk12/serial.log,False,"{'passes_raw_output_gate': False, 'output_count_match': True, 'max_mean_abs_delta': 0.5199438485587006, 'max_sum_abs_delta': 89627.920722257, 'rows': [{'index': 0, 'same_shape': True, 'same_dtype': True, 'same_hash': False, 'mean_abs_delta': 0.5199438485587006, 'sum_abs_delta': 89627.920722257, 'sum_rel_delta': 1.0432947626753541, 'passes': False}, {'index': 1, 'same_shape': True, 'same_dtype': True, 'same_hash': False, 'mean_abs_delta': 0.0, 'sum_abs_delta': 0.0, 'sum_rel_delta': 0.0, 'passes': True}, {'index': 2, 'same_shape': True, 'same_dtype': True, 'same_hash': False, 'mean_abs_delta': 0.0, 'sum_abs_delta': 0.0, 'sum_rel_delta': 0.0, 'passes': True}, {'index': 3, 'same_shape': True, 'same_dtype': True, 'same_hash': False, 'mean_abs_delta': 0.0, 'sum_abs_delta': 0.0, 'sum_rel_delta': 0.0, 'passes': True}, {'index': 4, 'same_shape': True, 'same_dtype': True, 'same_hash': False, 'mean_abs_delta': 0.0004582687927551267, 'sum_abs_delta': 19.749079915156244, 'sum_rel_delta': 0.023750588799576495, 'passes': False}, {'index': 5, 'same_shape': True, 'same_dtype': True, 'same_hash': False, 'mean_abs_delta': 0.0, 'sum_abs_delta': 0.0, 'sum_rel_delta': 0.0, 'passes': True}, {'index': 6, 'same_shape': True, 'same_dtype': True, 'same_hash': False, 'mean_abs_delta': 0.0, 'sum_abs_delta': 0.0, 'sum_rel_delta': 0.0, 'passes': True}, {'index': 7, 'same_shape': True, 'same_dtype': True, 'same_hash': False, 'mean_abs_delta': 3.333369136271358e-10, 'sum_abs_delta': 0.0, 'sum_rel_delta': 0.0, 'passes': True}]}",serial_smoke
yolo_pool1_to_trunk12,pool1,trunk12,"['route23', 'trunk34']",False,"[0, 1]","[2, 3, 4, 5, 6]","[7, 8, 9, 10, 11, 12]","[4, 6]",cpu/vta/cpu,276.8109381818182,0.6292945454545454,0.9229653333333333,0.04,0.0,276.8109381818182,3.0,3.0,0.0,1.0,0.0,83.06688,100.30955054545454,276.8109381818182,1384448,399.8956177974734,2.5006525590546698,ok,,,vta/tutorials/frontend/report_out/yolov3_tiny_heuristic_search/20260512_resnetfit20/packages/yolo_pool1_to_trunk12,serial,2.0142431648102668,496.46438795,"[{'index': 0, 'shape': [1, 255, 26, 26], 'dtype': 'float32', 'size': 172380, 'nbytes': 689520, 'fnv1a64': '2d738c5acfb5643b', 'min': -1.671923161, 'max': 1.541322231, 'mean': 0.021866575, 'sum': 3769.360170676}, {'index': 1, 'shape': [3], 'dtype': 'int32', 'size': 3, 'nbytes': 12, 'fnv1a64': '6437c9a572635250', 'min': 0.0, 'max': 2.0, 'mean': 1.0, 'sum': 3.0}, {'index': 2, 'shape': [12], 'dtype': 'float32', 'size': 12, 'nbytes': 48, 'fnv1a64': '1634dd673862fe48', 'min': 10.0, 'max': 344.0, 'mean': 108.25, 'sum': 1299.0}, {'index': 3, 'shape': [6], 'dtype': 'int32', 'size': 6, 'nbytes': 24, 'fnv1a64': 'b619ac38b449dc99', 'min': 3.0, 'max': 255.0, 'mean': 66.0, 'sum': 396.0}, {'index': 4, 'shape': [1, 255, 13, 13], 'dtype': 'float32', 'size': 43095, 'nbytes': 172380, 'fnv1a64': '44b67c722b89c854', 'min': -1.521644115, 'max': 1.140818834, 'mean': 0.019698912, 'sum': 848.924621861}, {'index': 5, 'shape': [3], 'dtype': 'int32', 'size': 3, 'nbytes': 12, 'fnv1a64': '7f5875e9426f5e51', 'min': 3.0, 'max': 5.0, 'mean': 4.0, 'sum': 12.0}, {'index': 6, 'shape': [12], 'dtype': 'float32', 'size': 12, 'nbytes': 48, 'fnv1a64': '1634dd673862fe48', 'min': 10.0, 'max': 344.0, 'mean': 108.25, 'sum': 1299.0}, {'index': 7, 'shape': [6], 'dtype': 'int32', 'size': 6, 'nbytes': 24, 'fnv1a64': '85777e194f56eaa9', 'min': 3.0, 'max': 255.0, 'mean': 61.666666667, 'sum': 370.0}]",vta/tutorials/frontend/report_out/yolov3_tiny_heuristic_search/20260512_resnetfit20/yolo_pool1_to_trunk12/native_serial_result.jsonl,vta/tutorials/frontend/report_out/yolov3_tiny_heuristic_search/20260512_resnetfit20/yolo_pool1_to_trunk12/serial.log,False,"{'passes_raw_output_gate': False, 'output_count_match': True, 'max_mean_abs_delta': 0.5202337355587006, 'max_sum_abs_delta': 89677.891420676, 'rows': [{'index': 0, 'same_shape': True, 'same_dtype': True, 'same_hash': False, 'mean_abs_delta': 0.5202337355587006, 'sum_abs_delta': 89677.891420676, 'sum_rel_delta': 1.0438764359701005, 'passes': False}, {'index': 1, 'same_shape': True, 'same_dtype': True, 'same_hash': False, 'mean_abs_delta': 0.0, 'sum_abs_delta': 0.0, 'sum_rel_delta': 0.0, 'passes': True}, {'index': 2, 'same_shape': True, 'same_dtype': True, 'same_hash': False, 'mean_abs_delta': 0.0, 'sum_abs_delta': 0.0, 'sum_rel_delta': 0.0, 'passes': True}, {'index': 3, 'same_shape': True, 'same_dtype': True, 'same_hash': False, 'mean_abs_delta': 0.0, 'sum_abs_delta': 0.0, 'sum_rel_delta': 0.0, 'passes': True}, {'index': 4, 'same_shape': True, 'same_dtype': True, 'same_hash': False, 'mean_abs_delta': 0.000403875207244872, 'sum_abs_delta': 17.40502957584374, 'sum_rel_delta': 0.020931592878060495, 'passes': False}, {'index': 5, 'same_shape': True, 'same_dtype': True, 'same_hash': False, 'mean_abs_delta': 0.0, 'sum_abs_delta': 0.0, 'sum_rel_delta': 0.0, 'passes': True}, {'index': 6, 'same_shape': True, 'same_dtype': True, 'same_hash': False, 'mean_abs_delta': 0.0, 'sum_abs_delta': 0.0, 'sum_rel_delta': 0.0, 'passes': True}, {'index': 7, 'same_shape': True, 'same_dtype': True, 'same_hash': False, 'mean_abs_delta': 3.333369136271358e-10, 'sum_abs_delta': 0.0, 'sum_rel_delta': 0.0, 'passes': True}]}",serial_smoke
yolo_pool2_to_trunk12,pool2,trunk12,"['route23', 'trunk34']",False,"[0, 1, 2]","[3, 4, 5, 6]","[7, 8, 9, 10, 11, 12]","[4, 6]",cpu/vta/cpu,276.8109381818182,0.6292945454545454,0.9229653333333333,0.04,0.0,276.8109381818182,3.0,3.0,0.0,1.0,0.0,143.47915636363638,87.84951854545454,276.8109381818182,1384448,399.8956177974734,2.5006525590546698,ok,,,vta/tutorials/frontend/report_out/yolov3_tiny_heuristic_search/20260512_resnetfit20/packages/yolo_pool2_to_trunk12,serial,1.9149469753686315,522.20767095,"[{'index': 0, 'shape': [1, 255, 26, 26], 'dtype': 'float32', 'size': 172380, 'nbytes': 689520, 'fnv1a64': 'bf71a8801c5f6d1f', 'min': -1.6458112, 'max': 1.514326572, 'mean': 0.021841171, 'sum': 3764.980988355}, {'index': 1, 'shape': [3], 'dtype': 'int32', 'size': 3, 'nbytes': 12, 'fnv1a64': '6437c9a572635250', 'min': 0.0, 'max': 2.0, 'mean': 1.0, 'sum': 3.0}, {'index': 2, 'shape': [12], 'dtype': 'float32', 'size': 12, 'nbytes': 48, 'fnv1a64': '1634dd673862fe48', 'min': 10.0, 'max': 344.0, 'mean': 108.25, 'sum': 1299.0}, {'index': 3, 'shape': [6], 'dtype': 'int32', 'size': 6, 'nbytes': 24, 'fnv1a64': 'b619ac38b449dc99', 'min': 3.0, 'max': 255.0, 'mean': 66.0, 'sum': 396.0}, {'index': 4, 'shape': [1, 255, 13, 13], 'dtype': 'float32', 'size': 43095, 'nbytes': 172380, 'fnv1a64': 'ff66607e38dd9588', 'min': -1.545575023, 'max': 1.170493603, 'mean': 0.019626951, 'sum': 845.823446122}, {'index': 5, 'shape': [3], 'dtype': 'int32', 'size': 3, 'nbytes': 12, 'fnv1a64': '7f5875e9426f5e51', 'min': 3.0, 'max': 5.0, 'mean': 4.0, 'sum': 12.0}, {'index': 6, 'shape': [12], 'dtype': 'float32', 'size': 12, 'nbytes': 48, 'fnv1a64': '1634dd673862fe48', 'min': 10.0, 'max': 344.0, 'mean': 108.25, 'sum': 1299.0}, {'index': 7, 'shape': [6], 'dtype': 'int32', 'size': 6, 'nbytes': 24, 'fnv1a64': '85777e194f56eaa9', 'min': 3.0, 'max': 255.0, 'mean': 61.666666667, 'sum': 370.0}]",vta/tutorials/frontend/report_out/yolov3_tiny_heuristic_search/20260512_resnetfit20/yolo_pool2_to_trunk12/native_serial_result.jsonl,vta/tutorials/frontend/report_out/yolov3_tiny_heuristic_search/20260512_resnetfit20/yolo_pool2_to_trunk12/serial.log,False,"{'passes_raw_output_gate': False, 'output_count_match': True, 'max_mean_abs_delta': 0.5202083315587006, 'max_sum_abs_delta': 89673.512238355, 'rows': [{'index': 0, 'same_shape': True, 'same_dtype': True, 'same_hash': False, 'mean_abs_delta': 0.5202083315587006, 'sum_abs_delta': 89673.512238355, 'sum_rel_delta': 1.043825461028994, 'passes': False}, {'index': 1, 'same_shape': True, 'same_dtype': True, 'same_hash': False, 'mean_abs_delta': 0.0, 'sum_abs_delta': 0.0, 'sum_rel_delta': 0.0, 'passes': True}, {'index': 2, 'same_shape': True, 'same_dtype': True, 'same_hash': False, 'mean_abs_delta': 0.0, 'sum_abs_delta': 0.0, 'sum_rel_delta': 0.0, 'passes': True}, {'index': 3, 'same_shape': True, 'same_dtype': True, 'same_hash': False, 'mean_abs_delta': 0.0, 'sum_abs_delta': 0.0, 'sum_rel_delta': 0.0, 'passes': True}, {'index': 4, 'same_shape': True, 'same_dtype': True, 'same_hash': False, 'mean_abs_delta': 0.00033191420724487317, 'sum_abs_delta': 14.3038538368437, 'sum_rel_delta': 0.017202064713273076, 'passes': False}, {'index': 5, 'same_shape': True, 'same_dtype': True, 'same_hash': False, 'mean_abs_delta': 0.0, 'sum_abs_delta': 0.0, 'sum_rel_delta': 0.0, 'passes': True}, {'index': 6, 'same_shape': True, 'same_dtype': True, 'same_hash': False, 'mean_abs_delta': 0.0, 'sum_abs_delta': 0.0, 'sum_rel_delta': 0.0, 'passes': True}, {'index': 7, 'same_shape': True, 'same_dtype': True, 'same_hash': False, 'mean_abs_delta': 3.333369136271358e-10, 'sum_abs_delta': 0.0, 'sum_rel_delta': 0.0, 'passes': True}]}",serial_smoke
yolo_pool3_to_trunk12,pool3,trunk12,"['route23', 'trunk34']",False,"[0, 1, 2, 3]","[4, 5, 6]","[7, 8, 9, 10, 11, 12]","[4, 6]",cpu/vta/cpu,276.8109381818182,0.6292945454545454,0.9229653333333333,0.04,0.0,276.8109381818182,3.0,3.0,0.0,1.0,0.0,203.89143272727273,75.38948654545455,276.8109381818182,1384448,399.8956177974734,2.5006525590546698,ok,,,vta/tutorials/frontend/report_out/yolov3_tiny_heuristic_search/20260512_resnetfit20/packages/yolo_pool3_to_trunk12,serial,1.837482514011089,544.222866,"[{'index': 0, 'shape': [1, 255, 26, 26], 'dtype': 'float32', 'size': 172380, 'nbytes': 689520, 'fnv1a64': '38b77b26b01c963a', 'min': -1.614751101, 'max': 1.529994011, 'mean': 0.021774931, 'sum': 3753.562543485}, {'index': 1, 'shape': [3], 'dtype': 'int32', 'size': 3, 'nbytes': 12, 'fnv1a64': '6437c9a572635250', 'min': 0.0, 'max': 2.0, 'mean': 1.0, 'sum': 3.0}, {'index': 2, 'shape': [12], 'dtype': 'float32', 'size': 12, 'nbytes': 48, 'fnv1a64': '1634dd673862fe48', 'min': 10.0, 'max': 344.0, 'mean': 108.25, 'sum': 1299.0}, {'index': 3, 'shape': [6], 'dtype': 'int32', 'size': 6, 'nbytes': 24, 'fnv1a64': 'b619ac38b449dc99', 'min': 3.0, 'max': 255.0, 'mean': 66.0, 'sum': 396.0}, {'index': 4, 'shape': [1, 255, 13, 13], 'dtype': 'float32', 'size': 43095, 'nbytes': 172380, 'fnv1a64': '6add3749fd5f74c2', 'min': -1.473477364, 'max': 1.108158946, 'mean': 0.019608183, 'sum': 845.014655114}, {'index': 5, 'shape': [3], 'dtype': 'int32', 'size': 3, 'nbytes': 12, 'fnv1a64': '7f5875e9426f5e51', 'min': 3.0, 'max': 5.0, 'mean': 4.0, 'sum': 12.0}, {'index': 6, 'shape': [12], 'dtype': 'float32', 'size': 12, 'nbytes': 48, 'fnv1a64': '1634dd673862fe48', 'min': 10.0, 'max': 344.0, 'mean': 108.25, 'sum': 1299.0}, {'index': 7, 'shape': [6], 'dtype': 'int32', 'size': 6, 'nbytes': 24, 'fnv1a64': '85777e194f56eaa9', 'min': 3.0, 'max': 255.0, 'mean': 61.666666667, 'sum': 370.0}]",vta/tutorials/frontend/report_out/yolov3_tiny_heuristic_search/20260512_resnetfit20/yolo_pool3_to_trunk12/native_serial_result.jsonl,vta/tutorials/frontend/report_out/yolov3_tiny_heuristic_search/20260512_resnetfit20/yolo_pool3_to_trunk12/serial.log,False,"{'passes_raw_output_gate': False, 'output_count_match': True, 'max_mean_abs_delta': 0.5201420915587006, 'max_sum_abs_delta': 89662.093793485, 'rows': [{'index': 0, 'same_shape': True, 'same_dtype': True, 'same_hash': False, 'mean_abs_delta': 0.5201420915587006, 'sum_abs_delta': 89662.093793485, 'sum_rel_delta': 1.0436925470482303, 'passes': False}, {'index': 1, 'same_shape': True, 'same_dtype': True, 'same_hash': False, 'mean_abs_delta': 0.0, 'sum_abs_delta': 0.0, 'sum_rel_delta': 0.0, 'passes': True}, {'index': 2, 'same_shape': True, 'same_dtype': True, 'same_hash': False, 'mean_abs_delta': 0.0, 'sum_abs_delta': 0.0, 'sum_rel_delta': 0.0, 'passes': True}, {'index': 3, 'same_shape': True, 'same_dtype': True, 'same_hash': False, 'mean_abs_delta': 0.0, 'sum_abs_delta': 0.0, 'sum_rel_delta': 0.0, 'passes': True}, {'index': 4, 'same_shape': True, 'same_dtype': True, 'same_hash': False, 'mean_abs_delta': 0.0003131462072448743, 'sum_abs_delta': 13.495062828843743, 'sum_rel_delta': 0.016229398506121824, 'passes': False}, {'index': 5, 'same_shape': True, 'same_dtype': True, 'same_hash': False, 'mean_abs_delta': 0.0, 'sum_abs_delta': 0.0, 'sum_rel_delta': 0.0, 'passes': True}, {'index': 6, 'same_shape': True, 'same_dtype': True, 'same_hash': False, 'mean_abs_delta': 0.0, 'sum_abs_delta': 0.0, 'sum_rel_delta': 0.0, 'passes': True}, {'index': 7, 'same_shape': True, 'same_dtype': True, 'same_hash': False, 'mean_abs_delta': 3.333369136271358e-10, 'sum_abs_delta': 0.0, 'sum_rel_delta': 0.0, 'passes': True}]}",serial_smoke
yolo_pool0_to_dual_pre18_14,pool0,dual_pre18_14,"['route23', 'small42', 'big64']",False,[0],"[1, 2, 3, 4, 5, 6, 7, 8, 11]","[9, 10, 12]","[4, 8, 11]",cpu/vta/cpu,201.29559272727275,0.5113018181818182,0.7499093333333333,0.06,0.0,201.29559272727275,3.0,3.0,0.0,1.0,0.0,22.65460363636364,128.2266298181818,201.29559272727275,1124864,434.61130350700114,2.3009065616350015,ok,,,vta/tutorials/frontend/report_out/yolov3_tiny_heuristic_search/20260512_resnetfit20/packages/yolo_pool0_to_dual_pre18_14,serial,2.2218497629309577,450.07543565,"[{'index': 0, 'shape': [1, 255, 26, 26], 'dtype': 'float32', 'size': 172380, 'nbytes': 689520, 'fnv1a64': '4c2f5599923a7f6d', 'min': -1.481776237, 'max': 1.481871486, 'mean': 0.02138138, 'sum': 3685.722290547}, {'index': 1, 'shape': [3], 'dtype': 'int32', 'size': 3, 'nbytes': 12, 'fnv1a64': '6437c9a572635250', 'min': 0.0, 'max': 2.0, 'mean': 1.0, 'sum': 3.0}, {'index': 2, 'shape': [12], 'dtype': 'float32', 'size': 12, 'nbytes': 48, 'fnv1a64': '1634dd673862fe48', 'min': 10.0, 'max': 344.0, 'mean': 108.25, 'sum': 1299.0}, {'index': 3, 'shape': [6], 'dtype': 'int32', 'size': 6, 'nbytes': 24, 'fnv1a64': 'b619ac38b449dc99', 'min': 3.0, 'max': 255.0, 'mean': 66.0, 'sum': 396.0}, {'index': 4, 'shape': [1, 255, 13, 13], 'dtype': 'float32', 'size': 43095, 'nbytes': 172380, 'fnv1a64': 'f4f07550e0075c9f', 'min': -1.480134726, 'max': 1.12252748, 'mean': 0.01847186, 'sum': 796.044824311}, {'index': 5, 'shape': [3], 'dtype': 'int32', 'size': 3, 'nbytes': 12, 'fnv1a64': '7f5875e9426f5e51', 'min': 3.0, 'max': 5.0, 'mean': 4.0, 'sum': 12.0}, {'index': 6, 'shape': [12], 'dtype': 'float32', 'size': 12, 'nbytes': 48, 'fnv1a64': '1634dd673862fe48', 'min': 10.0, 'max': 344.0, 'mean': 108.25, 'sum': 1299.0}, {'index': 7, 'shape': [6], 'dtype': 'int32', 'size': 6, 'nbytes': 24, 'fnv1a64': '85777e194f56eaa9', 'min': 3.0, 'max': 255.0, 'mean': 61.666666667, 'sum': 370.0}]",vta/tutorials/frontend/report_out/yolov3_tiny_heuristic_search/20260512_resnetfit20/yolo_pool0_to_dual_pre18_14/native_serial_result.jsonl,vta/tutorials/frontend/report_out/yolov3_tiny_heuristic_search/20260512_resnetfit20/yolo_pool0_to_dual_pre18_14/serial.log,False,"{'passes_raw_output_gate': False, 'output_count_match': True, 'max_mean_abs_delta': 0.5197485405587006, 'max_sum_abs_delta': 89594.253540547, 'rows': [{'index': 0, 'same_shape': True, 'same_dtype': True, 'same_hash': False, 'mean_abs_delta': 0.5197485405587006, 'sum_abs_delta': 89594.253540547, 'sum_rel_delta': 1.0429028670018963, 'passes': False}, {'index': 1, 'same_shape': True, 'same_dtype': True, 'same_hash': False, 'mean_abs_delta': 0.0, 'sum_abs_delta': 0.0, 'sum_rel_delta': 0.0, 'passes': True}, {'index': 2, 'same_shape': True, 'same_dtype': True, 'same_hash': False, 'mean_abs_delta': 0.0, 'sum_abs_delta': 0.0, 'sum_rel_delta': 0.0, 'passes': True}, {'index': 3, 'same_shape': True, 'same_dtype': True, 'same_hash': False, 'mean_abs_delta': 0.0, 'sum_abs_delta': 0.0, 'sum_rel_delta': 0.0, 'passes': True}, {'index': 4, 'same_shape': True, 'same_dtype': True, 'same_hash': False, 'mean_abs_delta': 0.0008231767927551273, 'sum_abs_delta': 35.47476797415629, 'sum_rel_delta': 0.04266257620781447, 'passes': False}, {'index': 5, 'same_shape': True, 'same_dtype': True, 'same_hash': False, 'mean_abs_delta': 0.0, 'sum_abs_delta': 0.0, 'sum_rel_delta': 0.0, 'passes': True}, {'index': 6, 'same_shape': True, 'same_dtype': True, 'same_hash': False, 'mean_abs_delta': 0.0, 'sum_abs_delta': 0.0, 'sum_rel_delta': 0.0, 'passes': True}, {'index': 7, 'same_shape': True, 'same_dtype': True, 'same_hash': False, 'mean_abs_delta': 3.333369136271358e-10, 'sum_abs_delta': 0.0, 'sum_rel_delta': 0.0, 'passes': True}]}",serial_smoke
yolo_pool1_to_dual_pre18_14,pool1,dual_pre18_14,"['route23', 'small42', 'big64']",False,"[0, 1]","[2, 3, 4, 5, 6, 7, 8, 11]","[9, 10, 12]","[4, 8, 11]",cpu/vta/cpu,201.29559272727275,0.5113018181818182,0.7499093333333333,0.06,0.0,201.29559272727275,3.0,3.0,0.0,1.0,0.0,83.06688,115.76659781818181,201.29559272727275,1124864,434.61130350700114,2.3009065616350015,ok,,,vta/tutorials/frontend/report_out/yolov3_tiny_heuristic_search/20260512_resnetfit20/packages/yolo_pool1_to_dual_pre18_14,serial,2.1631296463340037,462.29314165,"[{'index': 0, 'shape': [1, 255, 26, 26], 'dtype': 'float32', 'size': 172380, 'nbytes': 689520, 'fnv1a64': '4b181980c0c259c5', 'min': -1.690734386, 'max': 1.542059183, 'mean': 0.021715879, 'sum': 3743.383304347}, {'index': 1, 'shape': [3], 'dtype': 'int32', 'size': 3, 'nbytes': 12, 'fnv1a64': '6437c9a572635250', 'min': 0.0, 'max': 2.0, 'mean': 1.0, 'sum': 3.0}, {'index': 2, 'shape': [12], 'dtype': 'float32', 'size': 12, 'nbytes': 48, 'fnv1a64': '1634dd673862fe48', 'min': 10.0, 'max': 344.0, 'mean': 108.25, 'sum': 1299.0}, {'index': 3, 'shape': [6], 'dtype': 'int32', 'size': 6, 'nbytes': 24, 'fnv1a64': 'b619ac38b449dc99', 'min': 3.0, 'max': 255.0, 'mean': 66.0, 'sum': 396.0}, {'index': 4, 'shape': [1, 255, 13, 13], 'dtype': 'float32', 'size': 43095, 'nbytes': 172380, 'fnv1a64': 'ec0ca3a99cf64eeb', 'min': -1.512302876, 'max': 1.179515719, 'mean': 0.019097297, 'sum': 822.998016218}, {'index': 5, 'shape': [3], 'dtype': 'int32', 'size': 3, 'nbytes': 12, 'fnv1a64': '7f5875e9426f5e51', 'min': 3.0, 'max': 5.0, 'mean': 4.0, 'sum': 12.0}, {'index': 6, 'shape': [12], 'dtype': 'float32', 'size': 12, 'nbytes': 48, 'fnv1a64': '1634dd673862fe48', 'min': 10.0, 'max': 344.0, 'mean': 108.25, 'sum': 1299.0}, {'index': 7, 'shape': [6], 'dtype': 'int32', 'size': 6, 'nbytes': 24, 'fnv1a64': '85777e194f56eaa9', 'min': 3.0, 'max': 255.0, 'mean': 61.666666667, 'sum': 370.0}]",vta/tutorials/frontend/report_out/yolov3_tiny_heuristic_search/20260512_resnetfit20/yolo_pool1_to_dual_pre18_14/native_serial_result.jsonl,vta/tutorials/frontend/report_out/yolov3_tiny_heuristic_search/20260512_resnetfit20/yolo_pool1_to_dual_pre18_14/serial.log,False,"{'passes_raw_output_gate': False, 'output_count_match': True, 'max_mean_abs_delta': 0.5200830395587006, 'max_sum_abs_delta': 89651.914554347, 'rows': [{'index': 0, 'same_shape': True, 'same_dtype': True, 'same_hash': False, 'mean_abs_delta': 0.5200830395587006, 'sum_abs_delta': 89651.914554347, 'sum_rel_delta': 1.0435740577784234, 'passes': False}, {'index': 1, 'same_shape': True, 'same_dtype': True, 'same_hash': False, 'mean_abs_delta': 0.0, 'sum_abs_delta': 0.0, 'sum_rel_delta': 0.0, 'passes': True}, {'index': 2, 'same_shape': True, 'same_dtype': True, 'same_hash': False, 'mean_abs_delta': 0.0, 'sum_abs_delta': 0.0, 'sum_rel_delta': 0.0, 'passes': True}, {'index': 3, 'same_shape': True, 'same_dtype': True, 'same_hash': False, 'mean_abs_delta': 0.0, 'sum_abs_delta': 0.0, 'sum_rel_delta': 0.0, 'passes': True}, {'index': 4, 'same_shape': True, 'same_dtype': True, 'same_hash': False, 'mean_abs_delta': 0.00019773979275512776, 'sum_abs_delta': 8.521576067156275, 'sum_rel_delta': 0.010248196369898568, 'passes': False}, {'index': 5, 'same_shape': True, 'same_dtype': True, 'same_hash': False, 'mean_abs_delta': 0.0, 'sum_abs_delta': 0.0, 'sum_rel_delta': 0.0, 'passes': True}, {'index': 6, 'same_shape': True, 'same_dtype': True, 'same_hash': False, 'mean_abs_delta': 0.0, 'sum_abs_delta': 0.0, 'sum_rel_delta': 0.0, 'passes': True}, {'index': 7, 'same_shape': True, 'same_dtype': True, 'same_hash': False, 'mean_abs_delta': 3.333369136271358e-10, 'sum_abs_delta': 0.0, 'sum_rel_delta': 0.0, 'passes': True}]}",serial_smoke
yolo_pool2_to_dual_pre18_14,pool2,dual_pre18_14,"['route23', 'small42', 'big64']",False,"[0, 1, 2]","[3, 4, 5, 6, 7, 8, 11]","[9, 10, 12]","[4, 8, 11]",cpu/vta/cpu,201.29559272727275,0.5113018181818182,0.7499093333333333,0.06,0.0,201.29559272727275,3.0,3.0,0.0,1.0,0.0,143.47915636363638,103.30656581818182,201.29559272727275,1124864,434.61130350700114,2.3009065616350015,ok,,,vta/tutorials/frontend/report_out/yolov3_tiny_heuristic_search/20260512_resnetfit20/packages/yolo_pool2_to_dual_pre18_14,serial,2.0789667127959928,481.0081825,"[{'index': 0, 'shape': [1, 255, 26, 26], 'dtype': 'float32', 'size': 172380, 'nbytes': 689520, 'fnv1a64': '279c804edde396b4', 'min': -1.703813553, 'max': 1.499395847, 'mean': 0.021712881, 'sum': 3742.866473428}, {'index': 1, 'shape': [3], 'dtype': 'int32', 'size': 3, 'nbytes': 12, 'fnv1a64': '6437c9a572635250', 'min': 0.0, 'max': 2.0, 'mean': 1.0, 'sum': 3.0}, {'index': 2, 'shape': [12], 'dtype': 'float32', 'size': 12, 'nbytes': 48, 'fnv1a64': '1634dd673862fe48', 'min': 10.0, 'max': 344.0, 'mean': 108.25, 'sum': 1299.0}, {'index': 3, 'shape': [6], 'dtype': 'int32', 'size': 6, 'nbytes': 24, 'fnv1a64': 'b619ac38b449dc99', 'min': 3.0, 'max': 255.0, 'mean': 66.0, 'sum': 396.0}, {'index': 4, 'shape': [1, 255, 13, 13], 'dtype': 'float32', 'size': 43095, 'nbytes': 172380, 'fnv1a64': 'a0bca2880737fa0f', 'min': -1.537812233, 'max': 1.201528907, 'mean': 0.019057848, 'sum': 821.297965508}, {'index': 5, 'shape': [3], 'dtype': 'int32', 'size': 3, 'nbytes': 12, 'fnv1a64': '7f5875e9426f5e51', 'min': 3.0, 'max': 5.0, 'mean': 4.0, 'sum': 12.0}, {'index': 6, 'shape': [12], 'dtype': 'float32', 'size': 12, 'nbytes': 48, 'fnv1a64': '1634dd673862fe48', 'min': 10.0, 'max': 344.0, 'mean': 108.25, 'sum': 1299.0}, {'index': 7, 'shape': [6], 'dtype': 'int32', 'size': 6, 'nbytes': 24, 'fnv1a64': '85777e194f56eaa9', 'min': 3.0, 'max': 255.0, 'mean': 61.666666667, 'sum': 370.0}]",vta/tutorials/frontend/report_out/yolov3_tiny_heuristic_search/20260512_resnetfit20/yolo_pool2_to_dual_pre18_14/native_serial_result.jsonl,vta/tutorials/frontend/report_out/yolov3_tiny_heuristic_search/20260512_resnetfit20/yolo_pool2_to_dual_pre18_14/serial.log,False,"{'passes_raw_output_gate': False, 'output_count_match': True, 'max_mean_abs_delta': 0.5200800415587006, 'max_sum_abs_delta': 89651.397723428, 'rows': [{'index': 0, 'same_shape': True, 'same_dtype': True, 'same_hash': False, 'mean_abs_delta': 0.5200800415587006, 'sum_abs_delta': 89651.397723428, 'sum_rel_delta': 1.0435680417179523, 'passes': False}, {'index': 1, 'same_shape': True, 'same_dtype': True, 'same_hash': False, 'mean_abs_delta': 0.0, 'sum_abs_delta': 0.0, 'sum_rel_delta': 0.0, 'passes': True}, {'index': 2, 'same_shape': True, 'same_dtype': True, 'same_hash': False, 'mean_abs_delta': 0.0, 'sum_abs_delta': 0.0, 'sum_rel_delta': 0.0, 'passes': True}, {'index': 3, 'same_shape': True, 'same_dtype': True, 'same_hash': False, 'mean_abs_delta': 0.0, 'sum_abs_delta': 0.0, 'sum_rel_delta': 0.0, 'passes': True}, {'index': 4, 'same_shape': True, 'same_dtype': True, 'same_hash': False, 'mean_abs_delta': 0.0002371887927551282, 'sum_abs_delta': 10.221626777156303, 'sum_rel_delta': 0.012292707077491158, 'passes': False}, {'index': 5, 'same_shape': True, 'same_dtype': True, 'same_hash': False, 'mean_abs_delta': 0.0, 'sum_abs_delta': 0.0, 'sum_rel_delta': 0.0, 'passes': True}, {'index': 6, 'same_shape': True, 'same_dtype': True, 'same_hash': False, 'mean_abs_delta': 0.0, 'sum_abs_delta': 0.0, 'sum_rel_delta': 0.0, 'passes': True}, {'index': 7, 'same_shape': True, 'same_dtype': True, 'same_hash': False, 'mean_abs_delta': 3.333369136271358e-10, 'sum_abs_delta': 0.0, 'sum_rel_delta': 0.0, 'passes': True}]}",serial_smoke
yolo_pool3_to_dual_pre18_14,pool3,dual_pre18_14,"['route23', 'small42', 'big64']",False,"[0, 1, 2, 3]","[4, 5, 6, 7, 8, 11]","[9, 10, 12]","[4, 8, 11]",cpu/vta/cpu,203.89143272727273,0.5113018181818182,0.7499093333333333,0.06,0.0,201.29559272727275,3.0,3.0,0.0,1.0,0.0,203.89143272727273,90.84653381818183,201.29559272727275,1124864,435.86297081717237,2.294299050284456,ok,,,vta/tutorials/frontend/report_out/yolov3_tiny_heuristic_search/20260512_resnetfit20/packages/yolo_pool3_to_dual_pre18_14,serial,1.9898150882915921,502.55926085,"[{'index': 0, 'shape': [1, 255, 26, 26], 'dtype': 'float32', 'size': 172380, 'nbytes': 689520, 'fnv1a64': '81fd0a5658127098', 'min': -1.603386521, 'max': 1.53170979, 'mean': 0.021601638, 'sum': 3723.690351814}, {'index': 1, 'shape': [3], 'dtype': 'int32', 'size': 3, 'nbytes': 12, 'fnv1a64': '6437c9a572635250', 'min': 0.0, 'max': 2.0, 'mean': 1.0, 'sum': 3.0}, {'index': 2, 'shape': [12], 'dtype': 'float32', 'size': 12, 'nbytes': 48, 'fnv1a64': '1634dd673862fe48', 'min': 10.0, 'max': 344.0, 'mean': 108.25, 'sum': 1299.0}, {'index': 3, 'shape': [6], 'dtype': 'int32', 'size': 6, 'nbytes': 24, 'fnv1a64': 'b619ac38b449dc99', 'min': 3.0, 'max': 255.0, 'mean': 66.0, 'sum': 396.0}, {'index': 4, 'shape': [1, 255, 13, 13], 'dtype': 'float32', 'size': 43095, 'nbytes': 172380, 'fnv1a64': '9fdd7377c3f94813', 'min': -1.497687101, 'max': 1.134677529, 'mean': 0.019018666, 'sum': 819.609409068}, {'index': 5, 'shape': [3], 'dtype': 'int32', 'size': 3, 'nbytes': 12, 'fnv1a64': '7f5875e9426f5e51', 'min': 3.0, 'max': 5.0, 'mean': 4.0, 'sum': 12.0}, {'index': 6, 'shape': [12], 'dtype': 'float32', 'size': 12, 'nbytes': 48, 'fnv1a64': '1634dd673862fe48', 'min': 10.0, 'max': 344.0, 'mean': 108.25, 'sum': 1299.0}, {'index': 7, 'shape': [6], 'dtype': 'int32', 'size': 6, 'nbytes': 24, 'fnv1a64': '85777e194f56eaa9', 'min': 3.0, 'max': 255.0, 'mean': 61.666666667, 'sum': 370.0}]",vta/tutorials/frontend/report_out/yolov3_tiny_heuristic_search/20260512_resnetfit20/yolo_pool3_to_dual_pre18_14/native_serial_result.jsonl,vta/tutorials/frontend/report_out/yolov3_tiny_heuristic_search/20260512_resnetfit20/yolo_pool3_to_dual_pre18_14/serial.log,False,"{'passes_raw_output_gate': False, 'output_count_match': True, 'max_mean_abs_delta': 0.5199687985587006, 'max_sum_abs_delta': 89632.221601814, 'rows': [{'index': 0, 'same_shape': True, 'same_dtype': True, 'same_hash': False, 'mean_abs_delta': 0.5199687985587006, 'sum_abs_delta': 89632.221601814, 'sum_rel_delta': 1.0433448261497777, 'passes': False}, {'index': 1, 'same_shape': True, 'same_dtype': True, 'same_hash': False, 'mean_abs_delta': 0.0, 'sum_abs_delta': 0.0, 'sum_rel_delta': 0.0, 'passes': True}, {'index': 2, 'same_shape': True, 'same_dtype': True, 'same_hash': False, 'mean_abs_delta': 0.0, 'sum_abs_delta': 0.0, 'sum_rel_delta': 0.0, 'passes': True}, {'index': 3, 'same_shape': True, 'same_dtype': True, 'same_hash': False, 'mean_abs_delta': 0.0, 'sum_abs_delta': 0.0, 'sum_rel_delta': 0.0, 'passes': True}, {'index': 4, 'same_shape': True, 'same_dtype': True, 'same_hash': False, 'mean_abs_delta': 0.0002763707927551269, 'sum_abs_delta': 11.91018321715626, 'sum_rel_delta': 0.014323394575015441, 'passes': False}, {'index': 5, 'same_shape': True, 'same_dtype': True, 'same_hash': False, 'mean_abs_delta': 0.0, 'sum_abs_delta': 0.0, 'sum_rel_delta': 0.0, 'passes': True}, {'index': 6, 'same_shape': True, 'same_dtype': True, 'same_hash': False, 'mean_abs_delta': 0.0, 'sum_abs_delta': 0.0, 'sum_rel_delta': 0.0, 'passes': True}, {'index': 7, 'same_shape': True, 'same_dtype': True, 'same_hash': False, 'mean_abs_delta': 3.333369136271358e-10, 'sum_abs_delta': 0.0, 'sum_rel_delta': 0.0, 'passes': True}]}",serial_smoke
yolo_pool4_route_to_trunk12,pool4_route,trunk12,"['route23', 'trunk34']",True,"[0, 1, 2, 3, 4]","[5, 6]","[7, 8, 9, 10, 11, 12]","[4, 6]",cpu/vta/cpu,276.8109381818182,0.6292945454545454,0.9229653333333333,0.04,0.0,276.8109381818182,3.0,3.0,1.0,1.0,0.0,264.30370909090914,62.92945454545455,276.8109381818182,1384448,439.8956177974734,2.273266564934041,ok,,,vta/tutorials/frontend/report_out/yolov3_tiny_heuristic_search/20260512_resnetfit20/packages/yolo_pool4_route_to_trunk12,serial,1.67105798005287,598.4232815,"[{'index': 0, 'shape': [1, 255, 26, 26], 'dtype': 'float32', 'size': 172380, 'nbytes': 689520, 'fnv1a64': '2a88f8f6b6207b4e', 'min': -1.617951155, 'max': 1.490597606, 'mean': 0.022019664, 'sum': 3795.749730885}, {'index': 1, 'shape': [3], 'dtype': 'int32', 'size': 3, 'nbytes': 12, 'fnv1a64': '6437c9a572635250', 'min': 0.0, 'max': 2.0, 'mean': 1.0, 'sum': 3.0}, {'index': 2, 'shape': [12], 'dtype': 'float32', 'size': 12, 'nbytes': 48, 'fnv1a64': '1634dd673862fe48', 'min': 10.0, 'max': 344.0, 'mean': 108.25, 'sum': 1299.0}, {'index': 3, 'shape': [6], 'dtype': 'int32', 'size': 6, 'nbytes': 24, 'fnv1a64': 'b619ac38b449dc99', 'min': 3.0, 'max': 255.0, 'mean': 66.0, 'sum': 396.0}, {'index': 4, 'shape': [1, 255, 13, 13], 'dtype': 'float32', 'size': 43095, 'nbytes': 172380, 'fnv1a64': '079d4b98b8b9ba74', 'min': -1.468125582, 'max': 1.164446115, 'mean': 0.020119757, 'sum': 867.060940641}, {'index': 5, 'shape': [3], 'dtype': 'int32', 'size': 3, 'nbytes': 12, 'fnv1a64': '7f5875e9426f5e51', 'min': 3.0, 'max': 5.0, 'mean': 4.0, 'sum': 12.0}, {'index': 6, 'shape': [12], 'dtype': 'float32', 'size': 12, 'nbytes': 48, 'fnv1a64': '1634dd673862fe48', 'min': 10.0, 'max': 344.0, 'mean': 108.25, 'sum': 1299.0}, {'index': 7, 'shape': [6], 'dtype': 'int32', 'size': 6, 'nbytes': 24, 'fnv1a64': '85777e194f56eaa9', 'min': 3.0, 'max': 255.0, 'mean': 61.666666667, 'sum': 370.0}]",vta/tutorials/frontend/report_out/yolov3_tiny_heuristic_search/20260512_resnetfit20/yolo_pool4_route_to_trunk12/native_serial_result.jsonl,vta/tutorials/frontend/report_out/yolov3_tiny_heuristic_search/20260512_resnetfit20/yolo_pool4_route_to_trunk12/serial.log,False,"{'passes_raw_output_gate': False, 'output_count_match': True, 'max_mean_abs_delta': 0.5203868245587006, 'max_sum_abs_delta': 89704.280980885, 'rows': [{'index': 0, 'same_shape': True, 'same_dtype': True, 'same_hash': False, 'mean_abs_delta': 0.5203868245587006, 'sum_abs_delta': 89704.280980885, 'sum_rel_delta': 1.0441836180371784, 'passes': False}, {'index': 1, 'same_shape': True, 'same_dtype': True, 'same_hash': False, 'mean_abs_delta': 0.0, 'sum_abs_delta': 0.0, 'sum_rel_delta': 0.0, 'passes': True}, {'index': 2, 'same_shape': True, 'same_dtype': True, 'same_hash': False, 'mean_abs_delta': 0.0, 'sum_abs_delta': 0.0, 'sum_rel_delta': 0.0, 'passes': True}, {'index': 3, 'same_shape': True, 'same_dtype': True, 'same_hash': False, 'mean_abs_delta': 0.0, 'sum_abs_delta': 0.0, 'sum_rel_delta': 0.0, 'passes': True}, {'index': 4, 'same_shape': True, 'same_dtype': True, 'same_hash': False, 'mean_abs_delta': 0.0008247202072448716, 'sum_abs_delta': 35.54134835584375, 'sum_rel_delta': 0.042742646938925544, 'passes': False}, {'index': 5, 'same_shape': True, 'same_dtype': True, 'same_hash': False, 'mean_abs_delta': 0.0, 'sum_abs_delta': 0.0, 'sum_rel_delta': 0.0, 'passes': True}, {'index': 6, 'same_shape': True, 'same_dtype': True, 'same_hash': False, 'mean_abs_delta': 0.0, 'sum_abs_delta': 0.0, 'sum_rel_delta': 0.0, 'passes': True}, {'index': 7, 'same_shape': True, 'same_dtype': True, 'same_hash': False, 'mean_abs_delta': 3.333369136271358e-10, 'sum_abs_delta': 0.0, 'sum_rel_delta': 0.0, 'passes': True}]}",serial_smoke
yolo_pool0_to_small_pre18,pool0,small_pre18,"['route23', 'shared38', 'small42']",False,[0],"[1, 2, 3, 4, 5, 6, 7, 8]","[9, 10, 11, 12]","[4, 7, 8]",cpu/vta/cpu,261.70786909090907,0.43263999999999997,0.6345386666666667,0.06,0.0,261.70786909090907,3.0,3.0,0.0,1.0,0.0,22.65460363636364,115.687936,261.70786909090907,951808,463.7410154528046,2.1563760087590764,ok,,,vta/tutorials/frontend/report_out/yolov3_tiny_heuristic_search/20260512_resnetfit20/packages/yolo_pool0_to_small_pre18,serial,2.0708957279534377,482.88283495,"[{'index': 0, 'shape': [1, 255, 26, 26], 'dtype': 'float32', 'size': 172380, 'nbytes': 689520, 'fnv1a64': '4c2f5599923a7f6d', 'min': -1.481776237, 'max': 1.481871486, 'mean': 0.02138138, 'sum': 3685.722290547}, {'index': 1, 'shape': [3], 'dtype': 'int32', 'size': 3, 'nbytes': 12, 'fnv1a64': '6437c9a572635250', 'min': 0.0, 'max': 2.0, 'mean': 1.0, 'sum': 3.0}, {'index': 2, 'shape': [12], 'dtype': 'float32', 'size': 12, 'nbytes': 48, 'fnv1a64': '1634dd673862fe48', 'min': 10.0, 'max': 344.0, 'mean': 108.25, 'sum': 1299.0}, {'index': 3, 'shape': [6], 'dtype': 'int32', 'size': 6, 'nbytes': 24, 'fnv1a64': 'b619ac38b449dc99', 'min': 3.0, 'max': 255.0, 'mean': 66.0, 'sum': 396.0}, {'index': 4, 'shape': [1, 255, 13, 13], 'dtype': 'float32', 'size': 43095, 'nbytes': 172380, 'fnv1a64': '771d5e185103ac6e', 'min': -1.488161683, 'max': 1.166891098, 'mean': 0.018689982, 'sum': 805.44476729}, {'index': 5, 'shape': [3], 'dtype': 'int32', 'size': 3, 'nbytes': 12, 'fnv1a64': '7f5875e9426f5e51', 'min': 3.0, 'max': 5.0, 'mean': 4.0, 'sum': 12.0}, {'index': 6, 'shape': [12], 'dtype': 'float32', 'size': 12, 'nbytes': 48, 'fnv1a64': '1634dd673862fe48', 'min': 10.0, 'max': 344.0, 'mean': 108.25, 'sum': 1299.0}, {'index': 7, 'shape': [6], 'dtype': 'int32', 'size': 6, 'nbytes': 24, 'fnv1a64': '85777e194f56eaa9', 'min': 3.0, 'max': 255.0, 'mean': 61.666666667, 'sum': 370.0}]",vta/tutorials/frontend/report_out/yolov3_tiny_heuristic_search/20260512_resnetfit20/yolo_pool0_to_small_pre18/native_serial_result.jsonl,vta/tutorials/frontend/report_out/yolov3_tiny_heuristic_search/20260512_resnetfit20/yolo_pool0_to_small_pre18/serial.log,False,"{'passes_raw_output_gate': False, 'output_count_match': True, 'max_mean_abs_delta': 0.5197485405587006, 'max_sum_abs_delta': 89594.253540547, 'rows': [{'index': 0, 'same_shape': True, 'same_dtype': True, 'same_hash': False, 'mean_abs_delta': 0.5197485405587006, 'sum_abs_delta': 89594.253540547, 'sum_rel_delta': 1.0429028670018963, 'passes': False}, {'index': 1, 'same_shape': True, 'same_dtype': True, 'same_hash': False, 'mean_abs_delta': 0.0, 'sum_abs_delta': 0.0, 'sum_rel_delta': 0.0, 'passes': True}, {'index': 2, 'same_shape': True, 'same_dtype': True, 'same_hash': False, 'mean_abs_delta': 0.0, 'sum_abs_delta': 0.0, 'sum_rel_delta': 0.0, 'passes': True}, {'index': 3, 'same_shape': True, 'same_dtype': True, 'same_hash': False, 'mean_abs_delta': 0.0, 'sum_abs_delta': 0.0, 'sum_rel_delta': 0.0, 'passes': True}, {'index': 4, 'same_shape': True, 'same_dtype': True, 'same_hash': False, 'mean_abs_delta': 0.0006050547927551261, 'sum_abs_delta': 26.07482499515629, 'sum_rel_delta': 0.031358040432334575, 'passes': False}, {'index': 5, 'same_shape': True, 'same_dtype': True, 'same_hash': False, 'mean_abs_delta': 0.0, 'sum_abs_delta': 0.0, 'sum_rel_delta': 0.0, 'passes': True}, {'index': 6, 'same_shape': True, 'same_dtype': True, 'same_hash': False, 'mean_abs_delta': 0.0, 'sum_abs_delta': 0.0, 'sum_rel_delta': 0.0, 'passes': True}, {'index': 7, 'same_shape': True, 'same_dtype': True, 'same_hash': False, 'mean_abs_delta': 3.333369136271358e-10, 'sum_abs_delta': 0.0, 'sum_rel_delta': 0.0, 'passes': True}]}",serial_smoke
yolo_pool1_to_small_pre18,pool1,small_pre18,"['route23', 'shared38', 'small42']",False,"[0, 1]","[2, 3, 4, 5, 6, 7, 8]","[9, 10, 11, 12]","[4, 7, 8]",cpu/vta/cpu,261.70786909090907,0.43263999999999997,0.6345386666666667,0.06,0.0,261.70786909090907,3.0,3.0,0.0,1.0,0.0,83.06688,103.22790400000001,261.70786909090907,951808,463.7410154528046,2.1563760087590764,ok,,,vta/tutorials/frontend/report_out/yolov3_tiny_heuristic_search/20260512_resnetfit20/packages/yolo_pool1_to_small_pre18,serial,2.0099811521444337,497.51710305,"[{'index': 0, 'shape': [1, 255, 26, 26], 'dtype': 'float32', 'size': 172380, 'nbytes': 689520, 'fnv1a64': '4b181980c0c259c5', 'min': -1.690734386, 'max': 1.542059183, 'mean': 0.021715879, 'sum': 3743.383304347}, {'index': 1, 'shape': [3], 'dtype': 'int32', 'size': 3, 'nbytes': 12, 'fnv1a64': '6437c9a572635250', 'min': 0.0, 'max': 2.0, 'mean': 1.0, 'sum': 3.0}, {'index': 2, 'shape': [12], 'dtype': 'float32', 'size': 12, 'nbytes': 48, 'fnv1a64': '1634dd673862fe48', 'min': 10.0, 'max': 344.0, 'mean': 108.25, 'sum': 1299.0}, {'index': 3, 'shape': [6], 'dtype': 'int32', 'size': 6, 'nbytes': 24, 'fnv1a64': 'b619ac38b449dc99', 'min': 3.0, 'max': 255.0, 'mean': 66.0, 'sum': 396.0}, {'index': 4, 'shape': [1, 255, 13, 13], 'dtype': 'float32', 'size': 43095, 'nbytes': 172380, 'fnv1a64': '32ff06adfe0e5aef', 'min': -1.505933285, 'max': 1.158168197, 'mean': 0.019365401, 'sum': 834.551955364}, {'index': 5, 'shape': [3], 'dtype': 'int32', 'size': 3, 'nbytes': 12, 'fnv1a64': '7f5875e9426f5e51', 'min': 3.0, 'max': 5.0, 'mean': 4.0, 'sum': 12.0}, {'index': 6, 'shape': [12], 'dtype': 'float32', 'size': 12, 'nbytes': 48, 'fnv1a64': '1634dd673862fe48', 'min': 10.0, 'max': 344.0, 'mean': 108.25, 'sum': 1299.0}, {'index': 7, 'shape': [6], 'dtype': 'int32', 'size': 6, 'nbytes': 24, 'fnv1a64': '85777e194f56eaa9', 'min': 3.0, 'max': 255.0, 'mean': 61.666666667, 'sum': 370.0}]",vta/tutorials/frontend/report_out/yolov3_tiny_heuristic_search/20260512_resnetfit20/yolo_pool1_to_small_pre18/native_serial_result.jsonl,vta/tutorials/frontend/report_out/yolov3_tiny_heuristic_search/20260512_resnetfit20/yolo_pool1_to_small_pre18/serial.log,False,"{'passes_raw_output_gate': False, 'output_count_match': True, 'max_mean_abs_delta': 0.5200830395587006, 'max_sum_abs_delta': 89651.914554347, 'rows': [{'index': 0, 'same_shape': True, 'same_dtype': True, 'same_hash': False, 'mean_abs_delta': 0.5200830395587006, 'sum_abs_delta': 89651.914554347, 'sum_rel_delta': 1.0435740577784234, 'passes': False}, {'index': 1, 'same_shape': True, 'same_dtype': True, 'same_hash': False, 'mean_abs_delta': 0.0, 'sum_abs_delta': 0.0, 'sum_rel_delta': 0.0, 'passes': True}, {'index': 2, 'same_shape': True, 'same_dtype': True, 'same_hash': False, 'mean_abs_delta': 0.0, 'sum_abs_delta': 0.0, 'sum_rel_delta': 0.0, 'passes': True}, {'index': 3, 'same_shape': True, 'same_dtype': True, 'same_hash': False, 'mean_abs_delta': 0.0, 'sum_abs_delta': 0.0, 'sum_rel_delta': 0.0, 'passes': True}, {'index': 4, 'same_shape': True, 'same_dtype': True, 'same_hash': False, 'mean_abs_delta': 7.036420724487388e-05, 'sum_abs_delta': 3.0323630788437868, 'sum_rel_delta': 0.0036467728565605304, 'passes': False}, {'index': 5, 'same_shape': True, 'same_dtype': True, 'same_hash': False, 'mean_abs_delta': 0.0, 'sum_abs_delta': 0.0, 'sum_rel_delta': 0.0, 'passes': True}, {'index': 6, 'same_shape': True, 'same_dtype': True, 'same_hash': False, 'mean_abs_delta': 0.0, 'sum_abs_delta': 0.0, 'sum_rel_delta': 0.0, 'passes': True}, {'index': 7, 'same_shape': True, 'same_dtype': True, 'same_hash': False, 'mean_abs_delta': 3.333369136271358e-10, 'sum_abs_delta': 0.0, 'sum_rel_delta': 0.0, 'passes': True}]}",serial_smoke
yolo_pool2_to_small_pre18,pool2,small_pre18,"['route23', 'shared38', 'small42']",False,"[0, 1, 2]","[3, 4, 5, 6, 7, 8]","[9, 10, 11, 12]","[4, 7, 8]",cpu/vta/cpu,261.70786909090907,0.43263999999999997,0.6345386666666667,0.06,0.0,261.70786909090907,3.0,3.0,0.0,1.0,0.0,143.47915636363638,90.76787200000001,261.70786909090907,951808,463.7410154528046,2.1563760087590764,ok,,,vta/tutorials/frontend/report_out/yolov3_tiny_heuristic_search/20260512_resnetfit20/packages/yolo_pool2_to_small_pre18,serial,1.9126019088065036,522.8479566999999,"[{'index': 0, 'shape': [1, 255, 26, 26], 'dtype': 'float32', 'size': 172380, 'nbytes': 689520, 'fnv1a64': '279c804edde396b4', 'min': -1.703813553, 'max': 1.499395847, 'mean': 0.021712881, 'sum': 3742.866473428}, {'index': 1, 'shape': [3], 'dtype': 'int32', 'size': 3, 'nbytes': 12, 'fnv1a64': '6437c9a572635250', 'min': 0.0, 'max': 2.0, 'mean': 1.0, 'sum': 3.0}, {'index': 2, 'shape': [12], 'dtype': 'float32', 'size': 12, 'nbytes': 48, 'fnv1a64': '1634dd673862fe48', 'min': 10.0, 'max': 344.0, 'mean': 108.25, 'sum': 1299.0}, {'index': 3, 'shape': [6], 'dtype': 'int32', 'size': 6, 'nbytes': 24, 'fnv1a64': 'b619ac38b449dc99', 'min': 3.0, 'max': 255.0, 'mean': 66.0, 'sum': 396.0}, {'index': 4, 'shape': [1, 255, 13, 13], 'dtype': 'float32', 'size': 43095, 'nbytes': 172380, 'fnv1a64': 'dfcf639e5025ba84', 'min': -1.563146114, 'max': 1.192977309, 'mean': 0.019410879, 'sum': 836.511836271}, {'index': 5, 'shape': [3], 'dtype': 'int32', 'size': 3, 'nbytes': 12, 'fnv1a64': '7f5875e9426f5e51', 'min': 3.0, 'max': 5.0, 'mean': 4.0, 'sum': 12.0}, {'index': 6, 'shape': [12], 'dtype': 'float32', 'size': 12, 'nbytes': 48, 'fnv1a64': '1634dd673862fe48', 'min': 10.0, 'max': 344.0, 'mean': 108.25, 'sum': 1299.0}, {'index': 7, 'shape': [6], 'dtype': 'int32', 'size': 6, 'nbytes': 24, 'fnv1a64': '85777e194f56eaa9', 'min': 3.0, 'max': 255.0, 'mean': 61.666666667, 'sum': 370.0}]",vta/tutorials/frontend/report_out/yolov3_tiny_heuristic_search/20260512_resnetfit20/yolo_pool2_to_small_pre18/native_serial_result.jsonl,vta/tutorials/frontend/report_out/yolov3_tiny_heuristic_search/20260512_resnetfit20/yolo_pool2_to_small_pre18/serial.log,False,"{'passes_raw_output_gate': False, 'output_count_match': True, 'max_mean_abs_delta': 0.5200800415587006, 'max_sum_abs_delta': 89651.397723428, 'rows': [{'index': 0, 'same_shape': True, 'same_dtype': True, 'same_hash': False, 'mean_abs_delta': 0.5200800415587006, 'sum_abs_delta': 89651.397723428, 'sum_rel_delta': 1.0435680417179523, 'passes': False}, {'index': 1, 'same_shape': True, 'same_dtype': True, 'same_hash': False, 'mean_abs_delta': 0.0, 'sum_abs_delta': 0.0, 'sum_rel_delta': 0.0, 'passes': True}, {'index': 2, 'same_shape': True, 'same_dtype': True, 'same_hash': False, 'mean_abs_delta': 0.0, 'sum_abs_delta': 0.0, 'sum_rel_delta': 0.0, 'passes': True}, {'index': 3, 'same_shape': True, 'same_dtype': True, 'same_hash': False, 'mean_abs_delta': 0.0, 'sum_abs_delta': 0.0, 'sum_rel_delta': 0.0, 'passes': True}, {'index': 4, 'same_shape': True, 'same_dtype': True, 'same_hash': False, 'mean_abs_delta': 0.00011584220724487199, 'sum_abs_delta': 4.992243985843743, 'sum_rel_delta': 0.006003759901945562, 'passes': False}, {'index': 5, 'same_shape': True, 'same_dtype': True, 'same_hash': False, 'mean_abs_delta': 0.0, 'sum_abs_delta': 0.0, 'sum_rel_delta': 0.0, 'passes': True}, {'index': 6, 'same_shape': True, 'same_dtype': True, 'same_hash': False, 'mean_abs_delta': 0.0, 'sum_abs_delta': 0.0, 'sum_rel_delta': 0.0, 'passes': True}, {'index': 7, 'same_shape': True, 'same_dtype': True, 'same_hash': False, 'mean_abs_delta': 3.333369136271358e-10, 'sum_abs_delta': 0.0, 'sum_rel_delta': 0.0, 'passes': True}]}",serial_smoke
yolo_pool3_to_small_pre18,pool3,small_pre18,"['route23', 'shared38', 'small42']",False,"[0, 1, 2, 3]","[4, 5, 6, 7, 8]","[9, 10, 11, 12]","[4, 7, 8]",cpu/vta/cpu,261.70786909090907,0.43263999999999997,0.6345386666666667,0.06,0.0,261.70786909090907,3.0,3.0,0.0,1.0,0.0,203.89143272727273,78.30784000000001,261.70786909090907,951808,463.7410154528046,2.1563760087590764,ok,,,vta/tutorials/frontend/report_out/yolov3_tiny_heuristic_search/20260512_resnetfit20/packages/yolo_pool3_to_small_pre18,serial,1.8609769910705811,537.35215685,"[{'index': 0, 'shape': [1, 255, 26, 26], 'dtype': 'float32', 'size': 172380, 'nbytes': 689520, 'fnv1a64': '81fd0a5658127098', 'min': -1.603386521, 'max': 1.53170979, 'mean': 0.021601638, 'sum': 3723.690351814}, {'index': 1, 'shape': [3], 'dtype': 'int32', 'size': 3, 'nbytes': 12, 'fnv1a64': '6437c9a572635250', 'min': 0.0, 'max': 2.0, 'mean': 1.0, 'sum': 3.0}, {'index': 2, 'shape': [12], 'dtype': 'float32', 'size': 12, 'nbytes': 48, 'fnv1a64': '1634dd673862fe48', 'min': 10.0, 'max': 344.0, 'mean': 108.25, 'sum': 1299.0}, {'index': 3, 'shape': [6], 'dtype': 'int32', 'size': 6, 'nbytes': 24, 'fnv1a64': 'b619ac38b449dc99', 'min': 3.0, 'max': 255.0, 'mean': 66.0, 'sum': 396.0}, {'index': 4, 'shape': [1, 255, 13, 13], 'dtype': 'float32', 'size': 43095, 'nbytes': 172380, 'fnv1a64': 'f9cc90e4391fb5e4', 'min': -1.489357829, 'max': 1.141750574, 'mean': 0.019410096, 'sum': 836.478077257}, {'index': 5, 'shape': [3], 'dtype': 'int32', 'size': 3, 'nbytes': 12, 'fnv1a64': '7f5875e9426f5e51', 'min': 3.0, 'max': 5.0, 'mean': 4.0, 'sum': 12.0}, {'index': 6, 'shape': [12], 'dtype': 'float32', 'size': 12, 'nbytes': 48, 'fnv1a64': '1634dd673862fe48', 'min': 10.0, 'max': 344.0, 'mean': 108.25, 'sum': 1299.0}, {'index': 7, 'shape': [6], 'dtype': 'int32', 'size': 6, 'nbytes': 24, 'fnv1a64': '85777e194f56eaa9', 'min': 3.0, 'max': 255.0, 'mean': 61.666666667, 'sum': 370.0}]",vta/tutorials/frontend/report_out/yolov3_tiny_heuristic_search/20260512_resnetfit20/yolo_pool3_to_small_pre18/native_serial_result.jsonl,vta/tutorials/frontend/report_out/yolov3_tiny_heuristic_search/20260512_resnetfit20/yolo_pool3_to_small_pre18/serial.log,False,"{'passes_raw_output_gate': False, 'output_count_match': True, 'max_mean_abs_delta': 0.5199687985587006, 'max_sum_abs_delta': 89632.221601814, 'rows': [{'index': 0, 'same_shape': True, 'same_dtype': True, 'same_hash': False, 'mean_abs_delta': 0.5199687985587006, 'sum_abs_delta': 89632.221601814, 'sum_rel_delta': 1.0433448261497777, 'passes': False}, {'index': 1, 'same_shape': True, 'same_dtype': True, 'same_hash': False, 'mean_abs_delta': 0.0, 'sum_abs_delta': 0.0, 'sum_rel_delta': 0.0, 'passes': True}, {'index': 2, 'same_shape': True, 'same_dtype': True, 'same_hash': False, 'mean_abs_delta': 0.0, 'sum_abs_delta': 0.0, 'sum_rel_delta': 0.0, 'passes': True}, {'index': 3, 'same_shape': True, 'same_dtype': True, 'same_hash': False, 'mean_abs_delta': 0.0, 'sum_abs_delta': 0.0, 'sum_rel_delta': 0.0, 'passes': True}, {'index': 4, 'same_shape': True, 'same_dtype': True, 'same_hash': False, 'mean_abs_delta': 0.00011505920724487473, 'sum_abs_delta': 4.958484971843745, 'sum_rel_delta': 0.005963160721465373, 'passes': False}, {'index': 5, 'same_shape': True, 'same_dtype': True, 'same_hash': False, 'mean_abs_delta': 0.0, 'sum_abs_delta': 0.0, 'sum_rel_delta': 0.0, 'passes': True}, {'index': 6, 'same_shape': True, 'same_dtype': True, 'same_hash': False, 'mean_abs_delta': 0.0, 'sum_abs_delta': 0.0, 'sum_rel_delta': 0.0, 'passes': True}, {'index': 7, 'same_shape': True, 'same_dtype': True, 'same_hash': False, 'mean_abs_delta': 3.333369136271358e-10, 'sum_abs_delta': 0.0, 'sum_rel_delta': 0.0, 'passes': True}]}",serial_smoke
yolo_pool4_route_to_dual_pre18_14,pool4_route,dual_pre18_14,"['route23', 'small42', 'big64']",True,"[0, 1, 2, 3, 4]","[5, 6, 7, 8, 11]","[9, 10, 12]","[4, 8, 11]",cpu/vta/cpu,264.30370909090914,0.5113018181818182,0.7499093333333333,0.06,0.0,201.29559272727275,3.0,3.0,0.0,1.0,0.0,264.30370909090914,78.38650181818183,201.29559272727275,1124864,464.99268276297596,2.1505714757875816,ok,,,vta/tutorials/frontend/report_out/yolov3_tiny_heuristic_search/20260512_resnetfit20/packages/yolo_pool4_route_to_dual_pre18_14,serial,1.7959421915683538,556.8107953,"[{'index': 0, 'shape': [1, 255, 26, 26], 'dtype': 'float32', 'size': 172380, 'nbytes': 689520, 'fnv1a64': '8410488793c266b8', 'min': -1.671532393, 'max': 1.546121001, 'mean': 0.021866358, 'sum': 3769.32280149}, {'index': 1, 'shape': [3], 'dtype': 'int32', 'size': 3, 'nbytes': 12, 'fnv1a64': '6437c9a572635250', 'min': 0.0, 'max': 2.0, 'mean': 1.0, 'sum': 3.0}, {'index': 2, 'shape': [12], 'dtype': 'float32', 'size': 12, 'nbytes': 48, 'fnv1a64': '1634dd673862fe48', 'min': 10.0, 'max': 344.0, 'mean': 108.25, 'sum': 1299.0}, {'index': 3, 'shape': [6], 'dtype': 'int32', 'size': 6, 'nbytes': 24, 'fnv1a64': 'b619ac38b449dc99', 'min': 3.0, 'max': 255.0, 'mean': 66.0, 'sum': 396.0}, {'index': 4, 'shape': [1, 255, 13, 13], 'dtype': 'float32', 'size': 43095, 'nbytes': 172380, 'fnv1a64': 'ce4185d4eafab01c', 'min': -1.493881226, 'max': 1.243923903, 'mean': 0.019515214, 'sum': 841.008130894}, {'index': 5, 'shape': [3], 'dtype': 'int32', 'size': 3, 'nbytes': 12, 'fnv1a64': '7f5875e9426f5e51', 'min': 3.0, 'max': 5.0, 'mean': 4.0, 'sum': 12.0}, {'index': 6, 'shape': [12], 'dtype': 'float32', 'size': 12, 'nbytes': 48, 'fnv1a64': '1634dd673862fe48', 'min': 10.0, 'max': 344.0, 'mean': 108.25, 'sum': 1299.0}, {'index': 7, 'shape': [6], 'dtype': 'int32', 'size': 6, 'nbytes': 24, 'fnv1a64': '85777e194f56eaa9', 'min': 3.0, 'max': 255.0, 'mean': 61.666666667, 'sum': 370.0}]",vta/tutorials/frontend/report_out/yolov3_tiny_heuristic_search/20260512_resnetfit20/yolo_pool4_route_to_dual_pre18_14/native_serial_result.jsonl,vta/tutorials/frontend/report_out/yolov3_tiny_heuristic_search/20260512_resnetfit20/yolo_pool4_route_to_dual_pre18_14/serial.log,False,"{'passes_raw_output_gate': False, 'output_count_match': True, 'max_mean_abs_delta': 0.5202335185587006, 'max_sum_abs_delta': 89677.85405149, 'rows': [{'index': 0, 'same_shape': True, 'same_dtype': True, 'same_hash': False, 'mean_abs_delta': 0.5202335185587006, 'sum_abs_delta': 89677.85405149, 'sum_rel_delta': 1.0438760009820327, 'passes': False}, {'index': 1, 'same_shape': True, 'same_dtype': True, 'same_hash': False, 'mean_abs_delta': 0.0, 'sum_abs_delta': 0.0, 'sum_rel_delta': 0.0, 'passes': True}, {'index': 2, 'same_shape': True, 'same_dtype': True, 'same_hash': False, 'mean_abs_delta': 0.0, 'sum_abs_delta': 0.0, 'sum_rel_delta': 0.0, 'passes': True}, {'index': 3, 'same_shape': True, 'same_dtype': True, 'same_hash': False, 'mean_abs_delta': 0.0, 'sum_abs_delta': 0.0, 'sum_rel_delta': 0.0, 'passes': True}, {'index': 4, 'same_shape': True, 'same_dtype': True, 'same_hash': False, 'mean_abs_delta': 0.00022017720724487252, 'sum_abs_delta': 9.488538608843783, 'sum_rel_delta': 0.011411082428939139, 'passes': False}, {'index': 5, 'same_shape': True, 'same_dtype': True, 'same_hash': False, 'mean_abs_delta': 0.0, 'sum_abs_delta': 0.0, 'sum_rel_delta': 0.0, 'passes': True}, {'index': 6, 'same_shape': True, 'same_dtype': True, 'same_hash': False, 'mean_abs_delta': 0.0, 'sum_abs_delta': 0.0, 'sum_rel_delta': 0.0, 'passes': True}, {'index': 7, 'same_shape': True, 'same_dtype': True, 'same_hash': False, 'mean_abs_delta': 3.333369136271358e-10, 'sum_abs_delta': 0.0, 'sum_rel_delta': 0.0, 'passes': True}]}",serial_smoke
yolo_pool4_route_to_small_pre18,pool4_route,small_pre18,"['route23', 'shared38', 'small42']",True,"[0, 1, 2, 3, 4]","[5, 6, 7, 8]","[9, 10, 11, 12]","[4, 7, 8]",cpu/vta/cpu,264.30370909090914,0.43263999999999997,0.6345386666666667,0.06,0.0,261.70786909090907,3.0,3.0,0.0,1.0,0.0,264.30370909090914,65.847808,261.70786909090907,951808,464.99268276297596,2.1505714757875816,ok,,,vta/tutorials/frontend/report_out/yolov3_tiny_heuristic_search/20260512_resnetfit20/packages/yolo_pool4_route_to_small_pre18,serial,1.6671996180066886,599.80819885,"[{'index': 0, 'shape': [1, 255, 26, 26], 'dtype': 'float32', 'size': 172380, 'nbytes': 689520, 'fnv1a64': '8410488793c266b8', 'min': -1.671532393, 'max': 1.546121001, 'mean': 0.021866358, 'sum': 3769.32280149}, {'index': 1, 'shape': [3], 'dtype': 'int32', 'size': 3, 'nbytes': 12, 'fnv1a64': '6437c9a572635250', 'min': 0.0, 'max': 2.0, 'mean': 1.0, 'sum': 3.0}, {'index': 2, 'shape': [12], 'dtype': 'float32', 'size': 12, 'nbytes': 48, 'fnv1a64': '1634dd673862fe48', 'min': 10.0, 'max': 344.0, 'mean': 108.25, 'sum': 1299.0}, {'index': 3, 'shape': [6], 'dtype': 'int32', 'size': 6, 'nbytes': 24, 'fnv1a64': 'b619ac38b449dc99', 'min': 3.0, 'max': 255.0, 'mean': 66.0, 'sum': 396.0}, {'index': 4, 'shape': [1, 255, 13, 13], 'dtype': 'float32', 'size': 43095, 'nbytes': 172380, 'fnv1a64': 'a9a838941cf5e388', 'min': -1.473045588, 'max': 1.185537338, 'mean': 0.019920843, 'sum': 858.488711433}, {'index': 5, 'shape': [3], 'dtype': 'int32', 'size': 3, 'nbytes': 12, 'fnv1a64': '7f5875e9426f5e51', 'min': 3.0, 'max': 5.0, 'mean': 4.0, 'sum': 12.0}, {'index': 6, 'shape': [12], 'dtype': 'float32', 'size': 12, 'nbytes': 48, 'fnv1a64': '1634dd673862fe48', 'min': 10.0, 'max': 344.0, 'mean': 108.25, 'sum': 1299.0}, {'index': 7, 'shape': [6], 'dtype': 'int32', 'size': 6, 'nbytes': 24, 'fnv1a64': '85777e194f56eaa9', 'min': 3.0, 'max': 255.0, 'mean': 61.666666667, 'sum': 370.0}]",vta/tutorials/frontend/report_out/yolov3_tiny_heuristic_search/20260512_resnetfit20/yolo_pool4_route_to_small_pre18/native_serial_result.jsonl,vta/tutorials/frontend/report_out/yolov3_tiny_heuristic_search/20260512_resnetfit20/yolo_pool4_route_to_small_pre18/serial.log,False,"{'passes_raw_output_gate': False, 'output_count_match': True, 'max_mean_abs_delta': 0.5202335185587006, 'max_sum_abs_delta': 89677.85405149, 'rows': [{'index': 0, 'same_shape': True, 'same_dtype': True, 'same_hash': False, 'mean_abs_delta': 0.5202335185587006, 'sum_abs_delta': 89677.85405149, 'sum_rel_delta': 1.0438760009820327, 'passes': False}, {'index': 1, 'same_shape': True, 'same_dtype': True, 'same_hash': False, 'mean_abs_delta': 0.0, 'sum_abs_delta': 0.0, 'sum_rel_delta': 0.0, 'passes': True}, {'index': 2, 'same_shape': True, 'same_dtype': True, 'same_hash': False, 'mean_abs_delta': 0.0, 'sum_abs_delta': 0.0, 'sum_rel_delta': 0.0, 'passes': True}, {'index': 3, 'same_shape': True, 'same_dtype': True, 'same_hash': False, 'mean_abs_delta': 0.0, 'sum_abs_delta': 0.0, 'sum_rel_delta': 0.0, 'passes': True}, {'index': 4, 'same_shape': True, 'same_dtype': True, 'same_hash': False, 'mean_abs_delta': 0.0006258062072448736, 'sum_abs_delta': 26.9691191478438, 'sum_rel_delta': 0.03243353421622707, 'passes': False}, {'index': 5, 'same_shape': True, 'same_dtype': True, 'same_hash': False, 'mean_abs_delta': 0.0, 'sum_abs_delta': 0.0, 'sum_rel_delta': 0.0, 'passes': True}, {'index': 6, 'same_shape': True, 'same_dtype': True, 'same_hash': False, 'mean_abs_delta': 0.0, 'sum_abs_delta': 0.0, 'sum_rel_delta': 0.0, 'passes': True}, {'index': 7, 'same_shape': True, 'same_dtype': True, 'same_hash': False, 'mean_abs_delta': 3.333369136271358e-10, 'sum_abs_delta': 0.0, 'sum_rel_delta': 0.0, 'passes': True}]}",serial_smoke
