access_kind,alu_fixed_sequence,alu_opcode,alu_repeats,batch,block_out,case_id,contiguous_model_residual_us,device_run_wait_us,driver_submit_mmio_us,elements,eligible_for_direct_physical_model,excludes,family,includes,input_count,input_fill,input_x,input_y,load_buffer_2d_bytes,load_buffer_2d_calls,load_buffer_2d_padded_calls,load_buffer_2d_small_calls,load_buffer_2d_strided_calls,logical_input_x,logical_input_y,measurement_kind,output_bits,output_count,output_x,output_y,pad_left,pad_top,pair_id,pair_role,predicted_contiguous_us,sample_total_wall_ms,store_buffer_2d_bytes,store_buffer_2d_calls,target_access_kind,wall_us,x,y
contiguous,"['identity_shift', 'add']",add,1,1,16,acc1_2x16_out1,0.38778949303036114,13.7155,5.917955,512,False,"['host_set_input', 'host_get_output', 'host_submit_sync']",contiguous_load_store,"['device_load', 'alu_add', 'device_store']",1,pattern,16,2,2048.0,1.0,0.0,1.0,0.0,16,2,dma_component_identification,8,1,16,2,0,0,,,13.32771050696964,25.92915,512.0,1.0,contiguous,25.92915,16,2
contiguous,"['identity_shift', 'add']",add,1,1,16,acc1_2x16_out2,0.20489516532105156,14.06955,5.912115,512,False,"['host_set_input', 'host_get_output', 'host_submit_sync']",contiguous_load_store,"['device_load', 'alu_add', 'device_store']",1,pattern,16,2,2048.0,1.0,0.0,1.0,0.0,16,2,dma_component_identification,8,2,16,2,0,0,,,13.864654834678948,27.769,1024.0,2.0,contiguous,27.769,16,2
contiguous,"['identity_shift', 'add']",add,1,1,16,acc2_2x16_out1,-0.9404834696937847,13.8353,5.907484999999999,512,False,"['host_set_input', 'host_get_output', 'host_submit_sync']",contiguous_load_store,"['device_load', 'alu_add', 'device_store']",2,pattern,16,2,4096.0,2.0,0.0,2.0,0.0,16,2,dma_component_identification,8,1,16,2,0,0,,,14.775783469693785,27.69425,512.0,1.0,contiguous,27.69425,16,2
contiguous,"['identity_shift', 'add']",add,1,1,16,acc2_2x16_out2,0.5644722025969084,15.877200000000002,5.946315,512,False,"['host_set_input', 'host_get_output', 'host_submit_sync']",contiguous_load_store,"['device_load', 'alu_add', 'device_store']",2,pattern,16,2,4096.0,2.0,0.0,2.0,0.0,16,2,dma_component_identification,8,2,16,2,0,0,,,15.312727797403094,30.966849999999997,1024.0,2.0,contiguous,30.96685,16,2
contiguous,"['identity_shift', 'add']",add,1,1,16,acc1_8x16_out1,-0.6307623782700027,18.652,5.894985,2048,False,"['host_set_input', 'host_get_output', 'host_submit_sync']",contiguous_load_store,"['device_load', 'alu_add', 'device_store']",1,pattern,16,8,8192.0,1.0,0.0,0.0,0.0,16,8,dma_component_identification,8,1,16,8,0,0,,,19.282762378270004,31.068050000000003,2048.0,1.0,contiguous,31.06805,16,8
contiguous,"['identity_shift', 'add']",add,1,1,16,acc1_8x16_out2,-0.5637896891072387,20.86675,5.875585,2048,False,"['host_set_input', 'host_get_output', 'host_submit_sync']",contiguous_load_store,"['device_load', 'alu_add', 'device_store']",1,pattern,16,8,8192.0,1.0,0.0,0.0,0.0,16,8,dma_component_identification,8,2,16,8,0,0,,,21.43053968910724,34.6689,4096.0,2.0,contiguous,34.6689,16,8
contiguous,"['identity_shift', 'add']",add,1,1,16,acc2_8x16_out1,-0.07435422916658396,25.000700000000002,5.91852,2048,False,"['host_set_input', 'host_get_output', 'host_submit_sync']",contiguous_load_store,"['device_load', 'alu_add', 'device_store']",2,pattern,16,8,16384.0,2.0,0.0,0.0,0.0,16,8,dma_component_identification,8,1,16,8,0,0,,,25.075054229166586,38.9818,2048.0,1.0,contiguous,38.9818,16,8
contiguous,"['identity_shift', 'add']",add,1,1,16,acc2_8x16_out2,-0.19488154000381996,27.02795,5.9296050000000005,2048,False,"['host_set_input', 'host_get_output', 'host_submit_sync']",contiguous_load_store,"['device_load', 'alu_add', 'device_store']",2,pattern,16,8,16384.0,2.0,0.0,0.0,0.0,16,8,dma_component_identification,8,2,16,8,0,0,,,27.22283154000382,42.3048,4096.0,2.0,contiguous,42.3048,16,8
contiguous,"['identity_shift', 'add']",add,1,1,16,acc1_16x16_out1,0.7657184599961795,27.98855,5.874885,4096,False,"['host_set_input', 'host_get_output', 'host_submit_sync']",contiguous_load_store,"['device_load', 'alu_add', 'device_store']",1,pattern,16,16,16384.0,1.0,0.0,0.0,0.0,16,16,dma_component_identification,8,1,16,16,0,0,,,27.22283154000382,40.344300000000004,4096.0,1.0,contiguous,40.3443,16,16
contiguous,"['identity_shift', 'add']",add,1,1,16,acc1_16x16_out2,-0.46728616167829173,31.051099999999998,5.867495,4096,False,"['host_set_input', 'host_get_output', 'host_submit_sync']",contiguous_load_store,"['device_load', 'alu_add', 'device_store']",1,pattern,16,16,16384.0,1.0,0.0,0.0,0.0,16,16,dma_component_identification,8,2,16,16,0,0,,,31.51838616167829,44.8919,8192.0,2.0,contiguous,44.89190000000001,16,16
contiguous,"['identity_shift', 'add']",add,1,1,16,acc2_16x16_out1,-0.5337152417969833,38.273700000000005,5.8874200000000005,4096,False,"['host_set_input', 'host_get_output', 'host_submit_sync']",contiguous_load_store,"['device_load', 'alu_add', 'device_store']",2,pattern,16,16,32768.0,2.0,0.0,0.0,0.0,16,16,dma_component_identification,8,1,16,16,0,0,,,38.80741524179699,52.16385,4096.0,1.0,contiguous,52.16385,16,16
contiguous,"['identity_shift', 'add']",add,1,1,16,acc2_16x16_out2,-1.1780698634714568,41.9249,5.87977,4096,False,"['host_set_input', 'host_get_output', 'host_submit_sync']",contiguous_load_store,"['device_load', 'alu_add', 'device_store']",2,pattern,16,16,32768.0,2.0,0.0,0.0,0.0,16,16,dma_component_identification,8,2,16,16,0,0,,,43.10296986347146,57.179550000000006,8192.0,2.0,contiguous,57.17955,16,16
contiguous,"['identity_shift', 'add']",add,1,1,16,acc1_16x32_out1,2.640080136528539,45.74305,5.89554,8192,False,"['host_set_input', 'host_get_output', 'host_submit_sync']",contiguous_load_store,"['device_load', 'alu_add', 'device_store']",1,pattern,32,16,32768.0,1.0,0.0,0.0,0.0,32,16,dma_component_identification,8,1,32,16,0,0,,,43.10296986347146,58.200900000000004,8192.0,1.0,contiguous,58.200900000000004,32,16
contiguous,"['identity_shift', 'add']",add,1,1,16,acc1_16x32_out2,0.6750708931796083,52.369150000000005,5.90333,8192,False,"['host_set_input', 'host_get_output', 'host_submit_sync']",contiguous_load_store,"['device_load', 'alu_add', 'device_store']",1,pattern,32,16,32768.0,1.0,0.0,0.0,0.0,32,16,dma_component_identification,8,2,32,16,0,0,,,51.694079106820396,66.2213,16384.0,2.0,contiguous,66.22130000000001,32,16
contiguous,"['identity_shift', 'add']",add,1,1,16,acc2_16x32_out1,0.657512732942223,66.92965000000001,5.905875,8192,False,"['host_set_input', 'host_get_output', 'host_submit_sync']",contiguous_load_store,"['device_load', 'alu_add', 'device_store']",2,pattern,32,16,65536.0,2.0,0.0,0.0,0.0,32,16,dma_component_identification,8,1,32,16,0,0,,,66.27213726705779,80.99754999999999,8192.0,1.0,contiguous,80.99754999999999,32,16
contiguous,"['identity_shift', 'add']",add,1,1,16,acc2_16x32_out2,-1.3121965104067215,73.55105,5.89006,8192,False,"['host_set_input', 'host_get_output', 'host_submit_sync']",contiguous_load_store,"['device_load', 'alu_add', 'device_store']",2,pattern,32,16,65536.0,2.0,0.0,0.0,0.0,32,16,dma_component_identification,8,2,32,16,0,0,,,74.86324651040673,88.7769,16384.0,2.0,contiguous,88.7769,32,16
contiguous,"['identity_shift', 'add']",add,1,1,16,strided_8x16_stride20_out1_control,-0.7743123782700003,18.508450000000003,5.89842,2048,False,"['host_set_input', 'host_get_output', 'host_submit_sync']",strided_matched,"['device_load', 'alu_add', 'device_store']",1,pattern,16,8,8192.0,1.0,0.0,0.0,0.0,16,8,matched_access_pair,8,1,16,8,0,0,strided_8x16_stride20_out1,control,19.282762378270004,30.89975,2048.0,1.0,strided,30.899749999999997,16,8
strided,"['identity_shift', 'add']",add,1,1,16,strided_8x16_stride20_out1_treatment,3.2615876217299977,22.54435,5.913465,2048,False,"['host_set_input', 'host_get_output', 'host_submit_sync']",strided_matched,"['device_load', 'alu_add', 'device_store']",1,pattern,20,8,8192.0,1.0,0.0,0.0,1.0,20,8,matched_access_pair,8,1,16,8,0,0,strided_8x16_stride20_out1,treatment,19.282762378270004,35.24914999999999,2048.0,1.0,strided,35.24915,16,8
contiguous,"['identity_shift', 'add']",add,1,1,16,strided_8x16_stride20_out2_control,-0.6389896891072375,20.79155,5.955385,2048,False,"['host_set_input', 'host_get_output', 'host_submit_sync']",strided_matched,"['device_load', 'alu_add', 'device_store']",1,pattern,16,8,8192.0,1.0,0.0,0.0,0.0,16,8,matched_access_pair,8,2,16,8,0,0,strided_8x16_stride20_out2,control,21.43053968910724,34.6895,4096.0,2.0,strided,34.689499999999995,16,8
strided,"['identity_shift', 'add']",add,1,1,16,strided_8x16_stride20_out2_treatment,3.1585603108927636,24.589100000000002,6.0143249999999995,2048,False,"['host_set_input', 'host_get_output', 'host_submit_sync']",strided_matched,"['device_load', 'alu_add', 'device_store']",1,pattern,20,8,8192.0,1.0,0.0,0.0,1.0,20,8,matched_access_pair,8,2,16,8,0,0,strided_8x16_stride20_out2,treatment,21.43053968910724,38.6249,4096.0,2.0,strided,38.6249,16,8
contiguous,"['identity_shift', 'add']",add,1,1,16,strided_16x16_stride24_out1_control,0.7292184599961793,27.95205,5.86398,4096,False,"['host_set_input', 'host_get_output', 'host_submit_sync']",strided_matched,"['device_load', 'alu_add', 'device_store']",1,pattern,16,16,16384.0,1.0,0.0,0.0,0.0,16,16,matched_access_pair,8,1,16,16,0,0,strided_16x16_stride24_out1,control,27.22283154000382,40.256099999999996,4096.0,1.0,strided,40.256099999999996,16,16
strided,"['identity_shift', 'add']",add,1,1,16,strided_16x16_stride24_out1_treatment,8.82041845999618,36.04325,5.8986149999999995,4096,False,"['host_set_input', 'host_get_output', 'host_submit_sync']",strided_matched,"['device_load', 'alu_add', 'device_store']",1,pattern,24,16,16384.0,1.0,0.0,0.0,1.0,24,16,matched_access_pair,8,1,16,16,0,0,strided_16x16_stride24_out1,treatment,27.22283154000382,48.826550000000005,4096.0,1.0,strided,48.82655,16,16
contiguous,"['identity_shift', 'add']",add,1,1,16,strided_16x16_stride24_out2_control,0.1830138383217097,31.7014,5.93446,4096,False,"['host_set_input', 'host_get_output', 'host_submit_sync']",strided_matched,"['device_load', 'alu_add', 'device_store']",1,pattern,16,16,16384.0,1.0,0.0,0.0,0.0,16,16,matched_access_pair,8,2,16,16,0,0,strided_16x16_stride24_out2,control,31.51838616167829,45.34715,8192.0,2.0,strided,45.34715,16,16
strided,"['identity_shift', 'add']",add,1,1,16,strided_16x16_stride24_out2_treatment,8.549363838321714,40.067750000000004,5.93628,4096,False,"['host_set_input', 'host_get_output', 'host_submit_sync']",strided_matched,"['device_load', 'alu_add', 'device_store']",1,pattern,24,16,16384.0,1.0,0.0,0.0,1.0,24,16,matched_access_pair,8,2,16,16,0,0,strided_16x16_stride24_out2,treatment,31.51838616167829,54.39225,8192.0,2.0,strided,54.392250000000004,16,16
contiguous,"['identity_shift', 'add']",add,1,1,16,padded_8x16_p1_out1_control,-0.6453654752243665,21.86305,5.906145,2880,False,"['host_set_input', 'host_get_output', 'host_submit_sync']",padded_matched,"['device_load', 'alu_add', 'device_store']",1,pre_padded,18,10,11520.0,1.0,0.0,0.0,0.0,16,8,matched_access_pair,8,1,18,10,1,1,padded_8x16_p1_out1,control,22.508415475224368,34.2949,2880.0,1.0,padded,34.2949,18,10
padded,"['identity_shift', 'add']",add,1,1,16,padded_8x16_p1_out1_treatment,4.769553089202368,24.92485,5.896635,2880,False,"['host_set_input', 'host_get_output', 'host_submit_sync']",padded_matched,"['device_load', 'alu_add', 'device_store']",1,pattern,16,8,8192.0,1.0,1.0,0.0,0.0,16,8,matched_access_pair,8,1,18,10,1,1,padded_8x16_p1_out1,treatment,20.15529691079763,37.225,2880.0,1.0,padded,37.224999999999994,18,10
contiguous,"['identity_shift', 'add']",add,1,1,16,padded_8x16_p1_out2_control,-0.17132731858922767,25.3574,5.932725,2880,False,"['host_set_input', 'host_get_output', 'host_submit_sync']",padded_matched,"['device_load', 'alu_add', 'device_store']",1,pre_padded,18,10,11520.0,1.0,0.0,0.0,0.0,16,8,matched_access_pair,8,2,18,10,1,1,padded_8x16_p1_out2,control,25.528727318589226,38.977599999999995,5760.0,2.0,padded,38.977599999999995,18,10
padded,"['identity_shift', 'add']",add,1,1,16,padded_8x16_p1_out2_treatment,3.9287412458375144,27.104350000000004,5.975465,2880,False,"['host_set_input', 'host_get_output', 'host_submit_sync']",padded_matched,"['device_load', 'alu_add', 'device_store']",1,pattern,16,8,8192.0,1.0,1.0,0.0,0.0,16,8,matched_access_pair,8,2,18,10,1,1,padded_8x16_p1_out2,treatment,23.17560875416249,40.878099999999996,5760.0,2.0,padded,40.878099999999996,18,10
contiguous,"['identity_shift', 'add']",add,1,1,16,padded_16x16_p2_out1_control,1.6571406530456372,37.81255,5.88792,6400,False,"['host_set_input', 'host_get_output', 'host_submit_sync']",padded_matched,"['device_load', 'alu_add', 'device_store']",1,pre_padded,20,20,25600.0,1.0,0.0,0.0,0.0,16,16,matched_access_pair,8,1,20,20,2,2,padded_16x16_p2_out1,control,36.155409346954364,50.00110000000001,6400.0,1.0,padded,50.00110000000001,20,20
padded,"['identity_shift', 'add']",add,1,1,16,padded_16x16_p2_out1_treatment,12.53636898530429,42.17545,5.90895,6400,False,"['host_set_input', 'host_get_output', 'host_submit_sync']",padded_matched,"['device_load', 'alu_add', 'device_store']",1,pattern,16,16,16384.0,1.0,1.0,0.0,0.0,16,16,matched_access_pair,8,1,20,20,2,2,padded_16x16_p2_out1,treatment,29.63908101469571,54.373949999999994,6400.0,1.0,padded,54.373949999999994,20,20
contiguous,"['identity_shift', 'add']",add,1,1,16,padded_16x16_p2_out2_control,0.044336556679276384,42.91155,5.94205,6400,False,"['host_set_input', 'host_get_output', 'host_submit_sync']",padded_matched,"['device_load', 'alu_add', 'device_store']",1,pre_padded,20,20,25600.0,1.0,0.0,0.0,0.0,16,16,matched_access_pair,8,2,20,20,2,2,padded_16x16_p2_out2,control,42.86721344332072,56.69725,12800.0,2.0,padded,56.69725,20,20
padded,"['identity_shift', 'add']",add,1,1,16,padded_16x16_p2_out2_treatment,10.552314888937929,46.9032,5.93876,6400,False,"['host_set_input', 'host_get_output', 'host_submit_sync']",padded_matched,"['device_load', 'alu_add', 'device_store']",1,pattern,16,16,16384.0,1.0,1.0,0.0,0.0,16,16,matched_access_pair,8,2,20,20,2,2,padded_16x16_p2_out2,treatment,36.35088511106207,60.54295,12800.0,2.0,padded,60.54295,20,20
contiguous,"['identity_shift', 'add']",add,1,1,16,compute_alu_repeat1_16x16,0.645918459996178,27.86875,5.889735,4096,False,"['host_set_input', 'host_get_output', 'host_submit_sync']",compute_sweep,"['device_load', 'alu_add', 'device_store']",1,pattern,16,16,16384.0,1.0,0.0,0.0,0.0,16,16,vta_compute_slope,8,1,16,16,0,0,,,27.22283154000382,40.427,4096.0,1.0,contiguous,40.427,16,16
contiguous,"['identity_shift', 'add']",add,2,1,16,compute_alu_repeat2_16x16,6.514168459996174,33.736999999999995,5.855985,4096,False,"['host_set_input', 'host_get_output', 'host_submit_sync']",compute_sweep,"['device_load', 'alu_add', 'device_store']",1,pattern,16,16,16384.0,1.0,0.0,0.0,0.0,16,16,vta_compute_slope,8,1,16,16,0,0,,,27.22283154000382,47.34375,4096.0,1.0,contiguous,47.34375,16,16
contiguous,"['identity_shift', 'add']",add,4,1,16,compute_alu_repeat4_16x16,17.256318459996177,44.47915,5.9221,4096,False,"['host_set_input', 'host_get_output', 'host_submit_sync']",compute_sweep,"['device_load', 'alu_add', 'device_store']",1,pattern,16,16,16384.0,1.0,0.0,0.0,0.0,16,16,vta_compute_slope,8,1,16,16,0,0,,,27.22283154000382,60.60775,4096.0,1.0,contiguous,60.607749999999996,16,16
contiguous,"['identity_shift', 'add']",add,8,1,16,compute_alu_repeat8_16x16,40.99356845999617,68.2164,5.910675,4096,False,"['host_set_input', 'host_get_output', 'host_submit_sync']",compute_sweep,"['device_load', 'alu_add', 'device_store']",1,pattern,16,16,16384.0,1.0,0.0,0.0,0.0,16,16,vta_compute_slope,8,1,16,16,0,0,,,27.22283154000382,89.7725,4096.0,1.0,contiguous,89.77250000000001,16,16
