candidate_id,outer_span,vta_island_count,measured_cycle_ms,shared_compute_ms,direct_copy_ms,communication_aware_ms
three_stage_e,3_17,1,107.40505870588237,99.42855776470589,2.6828200000000004,99.42855776470589
islands_1_4__5_12__13_19,1_19,3,120.12823888235296,96.61108329411765,9.29159,105.90267329411765
islands_1_4__5_9__10_16,1_16,3,120.24431358823529,92.76819288235293,11.79071,104.55890288235294
islands_1_4__5_9__10_15,1_15,3,120.26588382352942,92.93919299999999,12.2274,105.16659299999999
islands_1_4__5_12__13_18,1_18,3,122.30514535294115,97.40890576470588,9.675055,107.08396076470588
islands_1_4__5_8__10_15,1_15,3,122.54090011764707,91.1651834117647,13.51895,104.6841334117647
three_stage_f,1_17,1,122.86105094117647,87.03089158823529,18.871857999999996,105.90274958823528
islands_1_4__5_9__10_17,1_17,3,123.88822235294118,95.33149429411765,11.91364,107.24513429411765
islands_1_4__5_8__10_16,1_16,3,125.14624611764704,93.87541394117648,15.307749999999999,109.18316394117647
islands_1_3__5_9__10_17,1_17,3,125.36778070588237,95.38767241176471,13.903550000000001,109.2912224117647
islands_1_4__5_8__10_17,1_17,3,125.56906852941175,93.75991670588235,14.783949999999999,108.54386670588235
islands_1_3__5_8__10_16,1_16,3,126.13443305882353,93.72894747058824,16.080750000000002,109.80969747058825
islands_1_3__5_9__10_16,1_16,3,126.23069870588233,95.04132258823529,14.2484,109.28972258823529
islands_1_3__5_9__10_15,1_15,3,128.1408407647059,95.82075882352942,14.799700000000001,110.62045882352942
islands_1_3__5_8__10_15,1_15,3,128.71266417647058,96.54015541176472,15.36405,111.90420541176472
islands_1_3__5_8__10_17,1_17,3,129.12751176470587,94.48764094117647,17.23875,111.72639094117646
three_stage_a,5_14,1,168.1812370588235,159.89630852941175,3.003205,159.89630852941175
block_stage_c,5_9,1,210.7081464117647,202.58288623529413,3.7110949999999994,202.58288623529413
fine_conv_vta_a,5_8,2,213.47708764705882,204.20701264705883,8.93402,204.20701264705883
three_stage_b,10_14,1,219.33839270588234,213.03135752941176,1.8540650000000003,213.03135752941176
islands_1_4__5_12__13_17,1_17,3,116.70491876470588,90.5487265882353,9.643395,100.1921215882353
islands_1_4__5_10__13_15,1_15,3,118.25810488235295,90.19690429411764,11.67065,101.86755429411764
islands_1_4__5_11__13_17,1_17,3,118.28279864705884,90.33820758823529,11.366005,101.7042125882353
islands_1_4__5_12__13_15,1_15,3,118.36523947058825,91.83167694117648,10.03653,101.86820694117648
islands_1_4__5_12__13_16,1_16,3,120.49925611764708,92.29492935294118,11.74341,104.03833935294118
islands_1_4__5_11__13_16,1_16,3,121.1227488235294,91.92000164705883,12.310839999999999,104.23084164705882
islands_1_4__5_10__13_19,1_19,3,121.55770552941176,96.12294129411765,10.60485,106.72779129411765
islands_1_4__5_11__13_15,1_15,3,121.56170970588236,92.23945358823529,12.56995,104.8094035882353
islands_1_3__5_10__13_16,1_16,3,121.58825641176472,91.43623435294117,14.164599999999998,105.60083435294116
islands_1_4__5_10__13_17,1_17,3,122.28269099999999,93.15523729411765,11.105955,104.26119229411765
islands_1_4__5_11__13_19,1_19,3,122.32061670588236,96.5788188235294,9.965810000000001,106.54462882352941
islands_1_3__5_10__13_15,1_15,3,122.628688,92.14619347058823,13.66105,105.80724347058823
islands_1_4__5_11__13_18,1_18,3,123.32085664705882,97.51897329411764,10.92685,108.44582329411764
islands_1_3__5_12__13_17,1_17,3,123.34019452941173,91.79808729411764,15.482050000000001,107.28013729411764
islands_1_3__5_10__13_17,1_17,3,123.43701252941175,92.85376776470588,14.623750000000001,107.47751776470588
islands_1_4__5_10__13_16,1_16,3,123.4922501764706,93.2651511764706,12.35435,105.61950117647059
islands_1_4__5_10__13_18,1_18,3,125.44855205882354,97.67579194117647,11.03295,108.70874194117647
islands_1_3__5_12__13_16,1_16,3,126.73157847058825,95.49779476470587,13.5207,109.01849476470588
islands_1_3__5_12__13_18,1_18,3,128.58568170588237,99.68236023529411,12.4971,112.17946023529412
islands_1_3__5_12__13_19,1_19,3,129.51220741176468,100.48397905882354,12.37665,112.86062905882353
islands_3_9__10_19,3_19,2,94.94600647058824,81.28825882352942,5.2702100000000005,86.18189076470588
islands_3_9__10_18,3_18,2,95.01861423529411,82.06278194117647,5.5617,86.60585682352942
islands_1_7__8_13,1_13,2,102.88762764705884,82.34065694117646,6.276705,88.61736194117645
islands_1_7__8_14,1_14,2,105.82351170588235,83.6603507647059,6.5012,90.1615507647059
islands_1_4__5_12__13_13,1_13,3,113.95074829411764,83.78184094117648,10.64344,94.42528094117648
islands_1_5__8_13,1_13,2,116.01766835294117,86.93073282352941,9.28724,96.21797282352941
islands_1_4__5_7__8_14,1_14,3,116.77034411764707,85.76031688235294,11.9179,97.67821688235294
islands_1_4__5_12__13_14,1_14,3,117.54124770588234,83.69840705882353,10.470005,94.16841205882353
islands_1_5__8_14,1_14,2,117.87514929411766,85.66934370588235,8.22261,93.89195370588236
islands_1_4__5_7__8_13,1_13,3,117.89293594117649,86.08123570588235,12.70205,98.78328570588235
islands_1_3__5_12__13_15,1_15,3,120.8795981764706,92.3009504117647,12.965,105.2659504117647
islands_1_3__5_11__13_15,1_15,3,124.93423576470589,95.38608247058824,12.87855,108.26463247058824
islands_1_3__5_11__13_17,1_17,3,125.3080535882353,96.00135882352942,13.891399999999999,109.89275882352942
islands_1_3__5_11__13_16,1_16,3,125.72204717647058,95.4590982352941,13.51985,108.97894823529411
islands_1_3__5_11__13_18,1_18,3,127.17044752941175,98.91956929411765,12.9238,111.84336929411765
islands_1_3__5_10__13_18,1_18,3,127.78542370588235,98.69298958823529,13.271600000000001,111.9645895882353
islands_1_3__5_11__13_19,1_19,3,129.0480127647059,99.72429364705883,13.062899999999999,112.78719364705883
islands_1_3__5_10__13_19,1_19,3,129.6241155882353,99.30346029411764,13.4702,112.77366029411765
islands_3_9__10_14,3_14,2,134.675732,126.82805235294117,5.5291950000000005,126.82805235294117
islands_3_9__10_13,3_13,2,135.2289145882353,126.01353894117648,6.255915,126.01353894117648
islands_3_8__10_19,3_19,2,97.63986047058823,89.92466752941176,6.511645,89.92466752941176
islands_1_6__8_14,1_14,2,105.3323785882353,80.82701123529412,8.073379999999998,88.90039123529412
islands_3_8__10_18,3_18,2,106.02045129411766,99.01874664705882,6.822920000000001,99.01874664705882
islands_1_6__8_13,1_13,2,109.12342647058823,80.01830717647059,8.014515,88.03282217647059
islands_3_9__10_16,3_16,2,110.73647552941178,102.44755317647059,5.503210000000001,102.44755317647059
islands_3_9__10_17,3_17,2,112.87818994117647,105.79851447058823,5.170065,105.79851447058823
islands_1_2__3_7__8_14,1_14,3,116.3977174117647,85.56517558823529,12.80805,98.37322558823529
islands_1_4__5_9__10_13,1_13,3,117.47667647058823,85.34130976470588,12.676300000000001,98.01760976470588
islands_1_2__3_7__8_13,1_13,3,118.49583605882354,87.25155641176471,11.908150000000001,99.15970641176472
islands_1_4__5_9__10_14,1_14,3,120.82101994117649,86.7610615882353,12.2155,98.9765615882353
islands_3_8__10_14,3_14,2,125.65951770588235,117.70567411764706,6.7425749999999995,117.70567411764706
islands_3_6__8_13,3_13,2,131.33609505882353,123.00994941176471,7.564120000000001,123.00994941176471
islands_3_9__10_12__13_14,3_14,3,133.42751129411764,123.92886929411765,6.83095,123.92886929411765
islands_3_6__8_14,3_14,2,133.53982005882355,124.57163982352941,6.85778,124.57163982352941
islands_3_7__8_13,3_13,2,134.15887270588235,123.27089917647059,6.232895,123.27089917647059
islands_3_8__10_13,3_13,2,135.86067852941176,125.50585970588236,7.451670000000002,125.50585970588236
islands_3_7__8_14,3_14,2,135.8923941764706,128.0556045882353,5.582660000000001,128.0556045882353
islands_3_4__5_7__8_14,3_14,3,137.00809652941177,125.75645758823529,11.008025,125.75645758823529
islands_3_9__10_12__13_13,3_13,3,137.970942,129.989618,7.41888,129.989618
islands_3_4__5_7__8_13,3_13,3,139.6068689411765,131.0233737647059,11.930800000000001,131.0233737647059
islands_1_4__5_10__13_14,1_14,3,111.17670347058822,79.69417329411765,11.1125,90.80667329411764
islands_1_4__5_8__10_13,1_13,3,113.86712511764705,82.77176505882353,13.4709,96.24266505882353
islands_1_3__5_7__8_13,1_13,3,115.54305652941177,84.36664805882353,15.28305,99.64969805882353
islands_1_4__5_11__13_13,1_13,3,115.93861582352942,84.1494455882353,11.86575,96.0151955882353
islands_1_4__5_10__13_13,1_13,3,116.10723864705881,85.26850076470588,12.06195,97.33045076470587
islands_1_3__5_12__13_14,1_14,3,116.84766723529411,82.88353511764706,12.7336,95.61713511764705
islands_1_4__5_6__8_14,1_14,3,116.9985493529412,84.85416105882354,12.87655,97.73071105882353
islands_1_4__5_11__13_14,1_14,3,118.13103064705881,83.2498441764706,10.0471,93.2969441764706
islands_1_4__5_8__10_14,1_14,3,118.37984605882353,84.11041488235294,13.5144,97.62481488235294
islands_1_3__5_7__8_14,1_14,3,118.92353982352941,86.73020723529413,14.564250000000001,101.29445723529413
islands_1_4__5_6__8_13,1_13,3,118.94063817647057,87.95867188235295,13.256450000000001,101.21512188235295
islands_1_3__5_12__13_13,1_13,3,122.3839632352941,88.06725347058823,14.14125,102.20850347058823
islands_1_3__5_9__10_14,1_14,3,123.11588935294115,88.8095208235294,13.45325,102.2627708235294
islands_1_4__5_5__8_13,1_13,3,124.42391652941176,87.81381994117646,15.7125,103.52631994117647
islands_3_9__10_15,3_15,2,124.51557447058825,115.75205976470588,5.784979999999999,115.75205976470588
islands_3_4__5_12__13_14,3_14,3,125.70614000000002,117.50983911764706,9.552885,117.50983911764706
islands_3_4__5_12__13_13,3_13,3,125.93928105882354,117.76231105882353,11.03645,117.76231105882353
islands_1_4__5_5__8_14,1_14,3,131.41516529411763,88.77250599999999,16.0447,104.817206
islands_3_5__8_14,3_14,2,131.71883535294117,122.89710782352941,8.146654999999999,122.89710782352941
islands_3_5__8_13,3_13,2,140.64969705882353,130.72828529411765,9.225255,130.72828529411765
islands_3_7__10_18,3_18,2,98.03585741176471,87.69894164705882,5.606730000000001,87.69894164705882
islands_3_7__10_19,3_19,2,101.27716211764705,90.041238,5.18958,90.041238
islands_3_6__10_18,3_18,2,101.81912641176471,91.59750352941177,6.887010000000001,91.59750352941177
islands_3_6__10_19,3_19,2,102.57966047058825,92.67201364705882,6.541594999999999,92.67201364705882
islands_3_7__10_14__15_19,3_19,3,108.98195394117649,98.7031204117647,6.416715000000001,98.7031204117647
islands_3_6__10_14__15_19,3_19,3,111.74643211764705,101.23820058823529,7.8386200000000015,101.23820058823529
islands_3_7__10_14__15_18,3_18,3,111.93783229411764,101.19651247058823,6.781829999999999,101.19651247058823
islands_3_6__10_14__15_18,3_18,3,113.87465517647058,102.0854478235294,8.284195,102.0854478235294
islands_3_9__13_16,3_16,2,121.54068476470586,107.43563276470589,5.010375,107.43563276470589
islands_3_9__13_17,3_17,2,122.01860547058821,107.58615294117646,4.637614999999999,107.58615294117646
islands_3_6__10_17,3_17,2,122.38639676470589,110.43439017647059,6.578465,110.43439017647059
islands_3_7__10_15,3_15,2,123.601926,111.26251864705883,5.89532,111.26251864705883
islands_3_6__10_16,3_16,2,124.76589347058822,111.43742735294117,6.88686,111.43742735294117
islands_3_8__13_17,3_17,2,125.12609123529413,110.5343175882353,5.954725,110.5343175882353
islands_3_8__13_16,3_16,2,126.25022011764707,108.8294924117647,6.36581,108.8294924117647
islands_3_8__13_15,3_15,2,126.97767094117647,111.5148774117647,6.56538,111.5148774117647
islands_3_7__10_17,3_17,2,127.24182711764706,114.90358770588236,5.206185,114.90358770588236
islands_3_6__10_15,3_15,2,127.50849617647057,116.47287341176471,7.144450000000001,116.47287341176471
islands_3_7__10_16,3_16,2,128.0932055882353,114.87791470588235,5.529539999999999,114.87791470588235
islands_3_9__13_15,3_15,2,128.26676794117645,115.7986414117647,5.230505,115.7986414117647
islands_3_16,3_16,1,105.69712929411766,98.55518547058824,3.01615,98.55518547058824
islands_3_17,3_17,1,108.62043611764707,100.79229547058823,3.4818345,100.79229547058823
islands_3_7__8_15,3_15,2,109.47142464705884,101.702307,5.891135,101.702307
islands_3_12__13_17,3_17,2,109.59947476470587,101.37566023529412,3.9088850000000006,101.37566023529412
islands_3_7__8_12__13_17,3_17,3,113.79513676470586,106.17196688235295,6.468999999999999,106.17196688235295
islands_3_15,3_15,1,114.03975388235294,105.63965941176471,3.342325,105.63965941176471
islands_3_7__8_17,3_17,2,114.85438552941176,105.73610676470588,5.257125,105.73610676470588
islands_3_7__8_16,3_16,2,117.69277570588237,109.99006635294117,5.56004,109.99006635294117
islands_3_12__13_16,3_16,2,119.36684711764707,110.76059599999999,4.271205,110.76059599999999
islands_3_12__15_17,3_17,2,119.94364,108.20836270588235,3.9943199999999996,108.20836270588235
islands_3_7__8_12__13_16,3_16,3,121.75439805882353,113.40919152941177,6.853165,113.40919152941177
islands_3_7__10_12__13_17,3_17,3,124.22026570588235,112.52043105882353,6.468684999999999,112.52043105882353
islands_3_6__10_14__15_17,3_17,3,124.73724141176473,108.98730105882353,7.798939999999999,108.98730105882353
islands_3_7__8_12__15_17,3_17,3,125.44430970588235,112.34968352941176,6.504655,112.34968352941176
islands_3_7__8_11__15_17,3_17,3,126.53951294117648,114.37501252941176,7.265835000000001,114.37501252941176
islands_3_7__10_12__13_16,3_16,3,127.65136823529413,115.46048864705882,6.806274999999999,115.46048864705882
islands_3_6__10_12__13_17,3_17,3,127.911402,115.3820535882353,7.86961,115.3820535882353
islands_3_6__10_12__13_16,3_16,3,128.72636723529413,116.65903941176471,8.15586,116.65903941176471
islands_3_11__15_17,3_17,2,130.33032970588235,119.09257388235294,4.638325,119.09257388235294
islands_3_7__10_14__15_17,3_17,3,132.41216170588237,119.93435405882353,6.488345,119.93435405882353
islands_3_7__10_12__13_19,3_19,3,113.90797141176472,103.05939523529412,6.511280000000001,103.05939523529412
islands_3_4__8_15,3_15,2,127.81308047058823,115.1941884117647,7.372294999999999,115.1941884117647
islands_5_9__10_19,5_19,2,130.06491705882354,124.47077864705882,5.304485,124.47077864705882
islands_5_18,5_18,1,130.877274,125.50884905882353,3.0269749999999997,125.50884905882353
islands_5_14__15_18,5_18,2,132.74380447058823,127.28784229411765,4.375884999999999,127.28784229411765
islands_5_14__15_19,5_19,2,134.64895935294115,129.21741752941176,4.04833,129.21741752941176
islands_5_12__13_19,5_19,2,135.52982294117646,130.10052394117648,4.0187100000000004,130.10052394117648
islands_5_12__13_18,5_18,2,135.86368035294117,130.19506347058822,4.25295,130.19506347058822
islands_5_19,5_19,1,137.07897305882352,130.6434024117647,2.7622555,130.6434024117647
islands_5_9__10_14__15_19,5_19,3,137.75729929411764,132.05478411764707,6.661744999999999,132.05478411764707
islands_5_9__10_18,5_18,2,139.67734670588234,132.635634,5.6144,132.635634
islands_5_15,5_15,1,149.83705064705882,143.56163205882353,3.3872999999999998,143.56163205882353
islands_5_9__10_14__15_18,5_18,3,150.47604823529414,144.77571770588236,6.82643,144.77571770588236
islands_5_9__10_17,5_17,2,152.87871929411764,146.65703282352942,5.2687,146.65703282352942
islands_5_17,5_17,1,153.0981838235294,146.7262013529412,2.7075050000000003,146.7262013529412
islands_5_9__10_16,5_16,2,153.5321081764706,146.25701088235294,5.57883,146.25701088235294
islands_5_16,5_16,1,153.6218179411765,147.60917729411764,3.0165300000000004,147.60917729411764
islands_5_9__10_15,5_15,2,156.75746694117646,149.6170971764706,5.883145000000001,149.6170971764706
islands_5_12__13_16,5_16,2,157.09883852941178,149.77602652941175,4.333,149.77602652941175
islands_5_12__13_17,5_17,2,161.25601894117648,154.3731101764706,3.9688900000000005,154.3731101764706
islands_3_6__10_12__13_18,3_18,3,101.34234394117648,88.19820147058823,8.175830000000001,88.19820147058823
islands_3_5__10_19,3_19,2,102.81449747058824,92.28884464705882,7.919165,92.28884464705882
islands_3_6__10_12__13_19,3_19,3,103.82936882352942,89.69888341176471,7.87706,89.69888341176471
islands_3_5__10_18,3_18,2,109.14480964705882,98.56397029411765,8.188165,98.56397029411765
islands_3_12__13_15,3_15,2,110.08913088235295,102.98992511764706,4.57469,102.98992511764706
islands_3_7__10_12__13_18,3_18,3,116.68188558823532,105.85673770588235,6.845525,105.85673770588235
islands_3_5__10_17,3_17,2,123.4126611764706,110.80213935294118,7.884205,110.80213935294118
islands_3_10__15_17,3_17,2,124.28851458823527,107.14682852941176,5.279669999999999,107.14682852941176
islands_3_7__8_9__13_17,3_17,3,124.49646429411762,110.88802105882353,7.255779999999999,110.88802105882353
islands_3_5__10_16,3_16,2,124.89761247058821,110.99371929411765,8.381404999999999,110.99371929411765
islands_3_4__8_12__13_17,3_17,3,126.12413235294116,111.41143094117648,7.972679999999999,111.41143094117648
islands_3_5__10_15,3_15,2,126.78987782352942,114.07848258823529,8.580560000000002,114.07848258823529
islands_3_4__5_9__13_17,3_17,3,126.84720135294118,113.87629641176471,9.802635,113.87629641176471
islands_3_4__8_17,3_17,2,129.6094242352941,117.30650241176471,6.76328,117.30650241176471
islands_3_4__5_8__13_17,3_17,3,129.89460717647057,113.72160064705882,11.69445,113.72160064705882
islands_3_4__8_12__13_16,3_16,3,131.2392205882353,117.95642894117647,8.484995000000001,117.95642894117647
islands_3_4__5_9__13_16,3_16,3,131.7616352352941,118.62317864705882,10.3697,118.62317864705882
islands_3_4__5_8__13_16,3_16,3,131.81632752941175,118.48987817647058,11.5848,118.48987817647058
islands_3_4__8_16,3_16,2,132.05823935294117,112.915106,7.113639999999999,112.915106
islands_3_7__8_9__13_16,3_16,3,132.44301794117646,119.7889284117647,7.60359,119.7889284117647
islands_3_5__10_14__15_19,3_19,3,106.324702,90.31795023529412,9.594025,90.31795023529412
islands_3_5__10_14__15_18,3_18,3,107.68183264705881,93.95302835294117,9.42165,93.95302835294117
islands_3_9__10_12__13_17,3_17,3,110.23220223529412,102.91042952941177,6.419285,102.91042952941177
islands_3_6__8_15,3_15,2,113.5988605882353,106.07210117647058,7.440855000000001,106.07210117647058
islands_3_10__13_16,3_16,2,115.086002,104.83111605882353,5.509625,104.83111605882353
islands_3_10__13_17,3_17,2,115.9155755882353,107.6910585882353,5.156810000000001,107.6910585882353
islands_3_7__8_14__15_17,3_17,3,115.99414811764706,108.13700594117647,6.548085,108.13700594117647
islands_3_9__10_12__13_16,3_16,3,116.39625452941176,108.79655711764705,6.79628,108.79655711764705
islands_1_5__10_15,1_15,2,116.83221358823532,95.25673541176471,10.497150000000001,95.25673541176471
islands_3_14__15_17,3_17,2,117.80920682352942,109.70983711764706,3.979039999999999,109.70983711764706
islands_3_7__10_12__13_15,3_15,3,122.05980111764707,109.94570317647059,7.19628,109.94570317647059
islands_3_9__10_14__15_17,3_17,3,122.61708847058826,115.489363,6.484305000000001,115.489363
islands_3_9__10_12__15_17,3_17,3,123.63517688235292,111.62802270588236,6.452724999999999,111.62802270588236
islands_3_7__8_12__13_15,3_15,3,124.77105352941177,117.07329070588236,7.171915,117.07329070588236
islands_3_6__10_12__13_15,3_15,3,128.68557035294117,115.67501023529412,8.5226,115.67501023529412
islands_5_14__15_17,5_17,2,155.4775464705882,148.8380405882353,3.96496,148.8380405882353
islands_5_12__13_15,5_15,2,156.36595417647058,150.19528076470587,4.53198,150.19528076470587
islands_5_7__8_17,5_17,2,158.26720552941177,151.70813929411764,5.274245,151.70813929411764
islands_5_7__8_15,5_15,2,158.738452,152.33819682352942,5.876375,152.33819682352942
islands_5_7__8_16,5_16,2,159.23390170588237,150.57629682352942,5.612875,150.57629682352942
