workload_id,config_index,matches_frozen_static_config,observed_median_latency_ms,observed_effective_gmac_per_second,compute_peak_utilization_fraction,measurement_samples,compute_lower_bound_ms,irreducible_perfect_overlap_lower_bound_ms,observed_over_irreducible_bound_gap,irreducible_bound_efficiency_fraction,post_measurement_runtime_dma_bytes,post_measurement_runtime_full_duplex_read_lower_bound_ms,post_measurement_runtime_full_duplex_write_lower_bound_ms,post_measurement_runtime_full_duplex_dma_lower_bound_ms,post_measurement_runtime_perfect_overlap_lower_bound_ms,post_measurement_runtime_bound_dominance,post_measurement_runtime_bound_efficiency_fraction,frozen_static_perfect_overlap_lower_bound_ms,observed_over_frozen_static_bound_gap,artifact_path,evidence_scope
W00,252,False,6.806318,16.985028322214742,0.6634776688365134,3,4.51584,4.51584,1.507209732851474,0.6634776688365134,946176,0.46592,0.12544,0.46592,4.51584,compute,0.6634776688365134,,,vta/tutorials/frontend/report_out/stage_tile_cotuning/iteration3_tophub_incumbent/tuning_artifacts/config_5tzg2g3_/measurement.json,historical_board_measurement_joined_offline
W00,827,False,5.909069,19.564080906823055,0.7642219104227755,3,4.51584,4.51584,1.308520452451814,0.7642219104227755,997376,0.49792000000000003,0.12544,0.49792000000000003,4.51584,compute,0.7642219104227755,,,vta/tutorials/frontend/report_out/stage_tile_cotuning/iteration3_tophub_incumbent/tuning_artifacts/config_nn2rlxib/measurement.json,historical_board_measurement_joined_offline
W00,828,True,5.841539,19.790247741220252,0.773056552391416,3,4.51584,4.51584,1.2935664239654197,0.773056552391416,946176,0.46592,0.12544,0.46592,4.51584,compute,0.773056552391416,4.51584,1.2935664239654197,vta/tutorials/frontend/report_out/stage_tile_cotuning/iteration3_tophub_incumbent/tuning_artifacts/config_4paf5bp8/measurement.json,historical_board_measurement_joined_offline
W01,249,False,3.9270989999999997,14.718944442195118,0.5749587672732468,3,2.25792,2.25792,1.7392551551870747,0.5749587672732468,818176,0.44864,0.06272,0.44864,2.25792,compute,0.5749587672732468,,,vta/tutorials/frontend/report_out/stage_tile_cotuning/iteration3_tophub_incumbent/tuning_artifacts/config_uvahc7z9/measurement.json,historical_board_measurement_joined_offline
W01,680,False,3.216452,17.970966767108603,0.7019908893401798,3,2.25792,2.25792,1.4245199121315193,0.7019908893401798,1060864,0.60032,0.06272,0.60032,2.25792,compute,0.7019908893401798,,,vta/tutorials/frontend/report_out/stage_tile_cotuning/iteration3_tophub_incumbent/tuning_artifacts/config_amxvp39y/measurement.json,historical_board_measurement_joined_offline
W01,681,True,3.01707,19.158571726874086,0.748381708081019,3,2.25792,2.25792,1.3362165178571428,0.748381708081019,818176,0.44864,0.06272,0.44864,2.25792,compute,0.748381708081019,2.25792,1.3362165178571428,vta/tutorials/frontend/report_out/stage_tile_cotuning/iteration3_tophub_incumbent/tuning_artifacts/config_bt7je0na/measurement.json,historical_board_measurement_joined_offline
W02,178,False,6.634656,17.424491036159225,0.6806441810999696,3,4.51584,4.51584,1.4691964285714285,0.6806441810999696,825344,0.45312,0.06272,0.45312,4.51584,compute,0.6806441810999696,,,vta/tutorials/frontend/report_out/stage_tile_cotuning/iteration3_tophub_incumbent/tuning_artifacts/config_009_8f30/measurement.json,historical_board_measurement_joined_offline
W02,1329,False,5.730688,20.173058453016463,0.7880100958209555,3,4.51584,4.51584,1.2690192743764173,0.7880100958209555,1177600,0.67328,0.06272,0.67328,4.51584,compute,0.7880100958209555,,,vta/tutorials/frontend/report_out/stage_tile_cotuning/iteration3_tophub_incumbent/tuning_artifacts/config_p3r9dybv/measurement.json,historical_board_measurement_joined_offline
W02,1330,True,5.367924,21.5363526011173,0.8412637734811446,3,4.51584,4.51584,1.1886878188775512,0.8412637734811446,825344,0.45312,0.06272,0.45312,4.51584,compute,0.8412637734811446,4.51584,1.1886878188775512,vta/tutorials/frontend/report_out/stage_tile_cotuning/iteration3_tophub_incumbent/tuning_artifacts/config_oo09r30h/measurement.json,historical_board_measurement_joined_offline
W04,143,False,3.934029,14.6930162436525,0.5739459470176758,3,2.25792,2.25792,1.7423243516156464,0.5739459470176758,746496,0.43520000000000003,0.03136,0.43520000000000003,2.25792,compute,0.5739459470176758,,,vta/tutorials/frontend/report_out/stage_tile_cotuning/iteration3_tophub_incumbent/tuning_artifacts/config_iy0nzhil/measurement.json,historical_board_measurement_joined_offline
W04,399,False,2.9685,19.472040424456793,0.7606265790803436,3,2.25792,2.25792,1.3147055697278913,0.7606265790803436,1147904,0.68608,0.03136,0.68608,2.25792,compute,0.7606265790803436,,,vta/tutorials/frontend/report_out/stage_tile_cotuning/iteration3_tophub_incumbent/tuning_artifacts/config_2ueo01wd/measurement.json,historical_board_measurement_joined_offline
W04,459,False,2.95908,19.53402814388256,0.7630479743704124,3,2.25792,2.25792,1.3105335884353742,0.7630479743704124,1055744,0.6284799999999999,0.03136,0.6284799999999999,2.25792,compute,0.7630479743704124,,,vta/tutorials/frontend/report_out/stage_tile_cotuning/iteration3_tophub_incumbent/tuning_artifacts/config_m24vefgx/measurement.json,historical_board_measurement_joined_offline
W04,462,False,2.93565,19.689933064227684,0.769138010321394,3,2.25792,2.25792,1.300156781462585,0.769138010321394,1055744,0.6284799999999999,0.03136,0.6284799999999999,2.25792,compute,0.769138010321394,,,vta/tutorials/frontend/report_out/stage_tile_cotuning/iteration3_tophub_incumbent/tuning_artifacts/config_6o5sw81s/measurement.json,historical_board_measurement_joined_offline
W04,463,True,2.753398,20.993242531591875,0.8200485363903076,3,2.25792,2.25792,1.219440015589569,0.8200485363903076,746496,0.43520000000000003,0.03136,0.43520000000000003,2.25792,compute,0.8200485363903076,2.25792,1.219440015589569,vta/tutorials/frontend/report_out/stage_tile_cotuning/iteration3_tophub_incumbent/tuning_artifacts/config_dpfzid8u/measurement.json,historical_board_measurement_joined_offline
W05,175,False,6.623706,17.453296387249072,0.6817693901269168,3,4.51584,4.51584,1.466771630527211,0.6817693901269168,840704,0.49408,0.03136,0.49408,4.51584,compute,0.6817693901269168,,,vta/tutorials/frontend/report_out/stage_tile_cotuning/iteration3_tophub_incumbent/tuning_artifacts/config_zpdx4hrg/measurement.json,historical_board_measurement_joined_offline
W05,495,False,5.510065,20.980787703956306,0.8195620196857931,3,4.51584,4.51584,1.2201639119189343,0.8195620196857931,1041408,0.6195200000000001,0.03136,0.6195200000000001,4.51584,compute,0.8195620196857931,,,vta/tutorials/frontend/report_out/stage_tile_cotuning/iteration3_tophub_incumbent/tuning_artifacts/config_oojdg76k/measurement.json,historical_board_measurement_joined_offline
W05,571,False,5.532955,20.89398955892466,0.8161714671454945,3,4.51584,4.51584,1.2252327363236963,0.8161714671454945,1459200,0.88064,0.03136,0.88064,4.51584,compute,0.8161714671454945,,,vta/tutorials/frontend/report_out/stage_tile_cotuning/iteration3_tophub_incumbent/tuning_artifacts/config_60aftfrn/measurement.json,historical_board_measurement_joined_offline
W05,574,False,5.523866,20.928368646161942,0.817514400240701,3,4.51584,4.51584,1.2232200432256235,0.817514400240701,1459200,0.88064,0.03136,0.88064,4.51584,compute,0.817514400240701,,,vta/tutorials/frontend/report_out/stage_tile_cotuning/iteration3_tophub_incumbent/tuning_artifacts/config_buvbxhu8/measurement.json,historical_board_measurement_joined_offline
W05,575,True,5.130141,22.53456659378368,0.880256507569675,3,4.51584,4.51584,1.136032498937075,0.880256507569675,840704,0.49408,0.03136,0.49408,4.51584,compute,0.880256507569675,4.51584,1.136032498937075,vta/tutorials/frontend/report_out/stage_tile_cotuning/iteration3_tophub_incumbent/tuning_artifacts/config_b_w2hjfr/measurement.json,historical_board_measurement_joined_offline
W07,83,False,4.669276,12.379382156891133,0.48356961550355987,3,2.25792,2.25792,2.0679545776643993,0.48356961550355987,1305088,0.8,0.01568,0.8,2.25792,compute,0.48356961550355987,,,vta/tutorials/frontend/report_out/stage_tile_cotuning/iteration3_tophub_incumbent/tuning_artifacts/config_sy1vi775/measurement.json,historical_board_measurement_joined_offline
W07,183,False,2.919539,19.7985887497992,0.7733823730390311,3,2.25792,2.25792,1.2930214533730158,0.7733823730390311,1405440,0.8627199999999999,0.01568,0.8627199999999999,2.25792,compute,0.7733823730390311,,,vta/tutorials/frontend/report_out/stage_tile_cotuning/iteration3_tophub_incumbent/tuning_artifacts/config_ajfwxqpm/measurement.json,historical_board_measurement_joined_offline
W07,201,False,15.516965,3.7251325887504416,0.14551299174806412,3,2.25792,2.25792,6.872238608985262,0.14551299174806412,8425984,5.250559999999999,0.01568,5.250559999999999,5.250559999999999,dma,0.3383754490649427,,,vta/tutorials/frontend/report_out/stage_tile_cotuning/iteration3_tophub_incumbent/tuning_artifacts/config_a4u_j0zw/measurement.json,historical_board_measurement_joined_offline
W07,202,False,14.120001,4.093679030192703,0.15990933711690247,3,2.25792,2.25792,6.253543526785714,0.15990933711690247,8425984,5.250559999999999,0.01568,5.250559999999999,5.250559999999999,dma,0.3718526648829557,,,vta/tutorials/frontend/report_out/stage_tile_cotuning/iteration3_tophub_incumbent/tuning_artifacts/config_siz4zwvh/measurement.json,historical_board_measurement_joined_offline
W07,203,True,2.663036,21.70558415282407,0.8478743809696903,3,2.25792,2.25792,1.1794199971655328,0.8478743809696903,1305088,0.8,0.01568,0.8,2.25792,compute,0.8478743809696903,2.25792,1.1794199971655328,vta/tutorials/frontend/report_out/stage_tile_cotuning/iteration3_tophub_incumbent/tuning_artifacts/config_5xf863zz/measurement.json,historical_board_measurement_joined_offline
W08,99,False,8.818498,13.109432467978106,0.5120872057803948,3,4.51584,4.51584,1.9527923929988662,0.5120872057803948,2434560,1.50592,0.01568,1.50592,4.51584,compute,0.5120872057803948,,,vta/tutorials/frontend/report_out/stage_tile_cotuning/iteration3_tophub_incumbent/tuning_artifacts/config_qjw5nziy/measurement.json,historical_board_measurement_joined_offline
W08,219,False,5.403294,21.395375487619223,0.8357568549851258,3,4.51584,4.51584,1.1965202487244897,0.8357568549851258,2484736,1.53728,0.01568,1.53728,4.51584,compute,0.8357568549851258,,,vta/tutorials/frontend/report_out/stage_tile_cotuning/iteration3_tophub_incumbent/tuning_artifacts/config_2jtk1dd6/measurement.json,historical_board_measurement_joined_offline
W08,241,False,28.658207,4.033940574160833,0.15757580367815752,3,4.51584,4.51584,6.34615198944161,0.15757580367815752,16676352,10.407039999999999,0.01568,10.407039999999999,10.407039999999999,dma,0.3631434443892459,,,vta/tutorials/frontend/report_out/stage_tile_cotuning/iteration3_tophub_incumbent/tuning_artifacts/config_v5lmdp9q/measurement.json,historical_board_measurement_joined_offline
W08,242,False,27.525095,4.200003814700731,0.16406264901174727,3,4.51584,4.51584,6.095232559169501,0.16406264901174727,16676352,10.407039999999999,0.01568,10.407039999999999,10.407039999999999,dma,0.3780927913236993,,,vta/tutorials/frontend/report_out/stage_tile_cotuning/iteration3_tophub_incumbent/tuning_artifacts/config_l3qi_arj/measurement.json,historical_board_measurement_joined_offline
W08,243,True,5.054001,22.874056415897027,0.8935178287459776,3,4.51584,4.51584,1.119171848426871,0.8935178287459776,2434560,1.50592,0.01568,1.50592,4.51584,compute,0.8935178287459776,4.51584,1.119171848426871,vta/tutorials/frontend/report_out/stage_tile_cotuning/iteration3_tophub_incumbent/tuning_artifacts/config_ls8lrptt/measurement.json,historical_board_measurement_joined_offline
W09,83,False,1.371674,4.682255404709865,0.1829006017464791,3,0.25088,0.25088,5.467450573979592,0.1829006017464791,242688,0.136,0.01568,0.136,0.25088,compute,0.1829006017464791,,,vta/tutorials/frontend/report_out/stage_tile_cotuning/iteration3_tophub_incumbent/tuning_artifacts/config_dp_5kp5p/measurement.json,historical_board_measurement_joined_offline
W09,183,False,1.619266,3.9663205427644375,0.15493439620173582,3,0.25088,0.25088,6.454344706632654,0.15493439620173582,329216,0.19008,0.01568,0.19008,0.25088,compute,0.15493439620173582,,,vta/tutorials/frontend/report_out/stage_tile_cotuning/iteration3_tophub_incumbent/tuning_artifacts/config_hudmf7r8/measurement.json,historical_board_measurement_joined_offline
W09,203,True,1.079681,5.948542208300416,0.23236493001173497,3,0.25088,0.25088,4.303575414540816,0.23236493001173497,242688,0.136,0.01568,0.136,0.25088,compute,0.23236493001173497,0.25088,4.303575414540816,vta/tutorials/frontend/report_out/stage_tile_cotuning/iteration3_tophub_incumbent/tuning_artifacts/config_ed4lpby0/measurement.json,historical_board_measurement_joined_offline
